T,H,Sample Position (deg),Temperature (K),Magnetic Field (Oe),Abs. Magnetic Field (Oe),Res. ch2 (ohm-cm),Res. Std.Dev. ch2,Field Polarity,Time Stamp (sec),Mean_res,Zeroed Res.,Pct. Mean Res. (%),L (cm),H (cm),W (cm)
2.0,7.0,1.0108,1.9999646750000002,0.4334999999991851,69998.9335,0.00012911246062295858,6.073950963939525e-06,0.0,19369449.975,0.00013926111138673217,-1.0148650763773596e-05,-7.287498040706064,0.0786,0.0802,0.09172
2.0,7.0,2.0216,2.000446025,0.4334999999991851,69998.9335,0.00013028752672243258,5.765003183059165e-06,0.0,19369449.9825,0.00013926111138673217,-8.973584664299597e-06,-6.443711797890001,0.0786,0.0802,0.09172
2.0,7.0,2.9791999,2.000901,0.4334999999991851,69998.9335,0.00013131580053357336,6.397665626586281e-06,0.0,19369449.8,0.00013926111138673217,-7.945310853158812e-06,-5.7053335091477555,0.0786,0.0802,0.09172
2.0,7.0,3.99,2.00071685,0.4334999999991851,69998.9335,0.00013269515301413254,6.467427793033935e-06,0.0,19369449.8925,0.00013926111138673217,-6.565958372599639e-06,-4.714854209633428,0.0786,0.0802,0.09172
2.0,7.0,5.0008001,2.00029685,0.4334999999991851,69998.9335,0.00013398962071874422,6.342126708559725e-06,0.0,19369449.9425,0.00013926111138673217,-5.271490667987954e-06,-3.7853285928107168,0.0786,0.0802,0.09172
2.0,7.0,6.0116,2.000566425,0.4334999999991851,69998.9335,0.00013535195720283108,5.26392806486093e-06,0.0,19369449.755,0.00013926111138673217,-3.909154183901099e-06,-2.8070680644255837,0.0786,0.0802,0.09172
2.0,7.0,7.0223999,2.0005157,0.4334999999991851,69998.9335,0.000136856990095358,4.13640273304182e-06,0.0,19369449.2675,0.00013926111138673217,-2.404121291374174e-06,-1.726340733198559,0.0786,0.0802,0.09172
2.0,7.0,7.98,1.9996983000000002,0.4334999999991851,69998.9335,0.00013848217915692082,5.75134622980203e-06,0.0,19369449.2025,0.00013926111138673217,-7.789322298113561e-07,-0.559332194074079,0.0786,0.0802,0.09172
2.0,7.0,8.9907999,1.9999260749999999,0.4334999999991851,69998.9335,0.0001397801376724714,4.5679078859667505e-06,0.0,19369449.052500002,0.00013926111138673217,5.190262857392234e-07,0.37270008875476535,0.0786,0.0802,0.09172
2.0,7.0,10.0016003,1.999449975,0.4334999999991851,69998.9335,0.0001411384451707655,3.2004357525915796e-06,0.0,19369449.2425,0.00013926111138673217,1.8773337840333269e-06,1.348067500926311,0.0786,0.0802,0.09172
2.0,7.0,11.0123997,1.9988735,0.4334999999991851,69998.9335,0.0001424159968543745,3.0836961615627e-06,0.0,19369449.1725,0.00013926111138673217,3.154885467642328e-06,2.2654461365607794,0.0786,0.0802,0.09172
2.0,7.0,12.0232,1.999929775,0.4334999999991851,69998.9335,0.00014357618655370762,4.154461870729425e-06,0.0,19369449.2325,0.00013926111138673217,4.315075166975443e-06,3.098550000073138,0.0786,0.0802,0.09172
2.0,7.0,12.9807997,1.999435725,0.4334999999991851,69998.9335,0.00014472563938957607,4.520791253759741e-06,0.0,19369449.165,0.00013926111138673217,5.464528002843894e-06,3.923943984382503,0.0786,0.0802,0.09172
2.0,7.0,13.9916,2.000481025,0.4334999999991851,69998.9335,0.00014573524164829006,5.20322562514667e-06,0.0,19369449.1575,0.00013926111138673217,6.47413026155788e-06,4.64891468773291,0.0786,0.0802,0.09172
2.0,7.0,15.0023994,1.99955445,0.4334999999991851,69998.9335,0.00014649893598629588,2.9207508656510202e-06,0.0,19369449.1675,0.00013926111138673217,7.237824599563706e-06,5.1973049241751745,0.0786,0.0802,0.09172
2.0,7.0,16.0131989,2.00008475,0.4334999999991851,69998.9335,0.0001474834065761161,5.884211161793305e-06,0.0,19369448.72,0.00013926111138673217,8.222295189383926e-06,5.904229190409355,0.0786,0.0802,0.09172
2.0,7.0,17.0240002,2.000432775,0.4334999999991851,69998.9335,0.00014798554632145582,6.13438261461212e-06,0.0,19369448.61,0.00013926111138673217,8.724434934723646e-06,6.2648034672764,0.0786,0.0802,0.09172
2.0,7.0,17.9815998,1.999572225,0.4334999999991851,69998.9335,0.0001484503047466568,3.28999165790551e-06,0.0,19369448.6875,0.00013926111138673217,9.189193359924612e-06,6.598535131897629,0.0786,0.0802,0.09172
2.0,7.0,18.9923992,1.9989528,0.4334999999991851,69998.9335,0.00014892575516065455,5.113373514906355e-06,0.0,19369448.012500003,0.00013926111138673217,9.664643773922376e-06,6.93994445231977,0.0786,0.0802,0.09172
2.0,7.0,20.0032005,1.999659375,0.4334999999991851,69998.9335,0.0001491852251908742,7.61699868548281e-06,0.0,19369448.16,0.00013926111138673217,9.924113804142022e-06,7.126263538557056,0.0786,0.0802,0.09172
2.0,7.0,21.0139999,2.0000166999999998,0.4334999999991851,69998.9335,0.00014943650831311499,5.90755130138662e-06,0.0,19369448.325,0.00013926111138673217,1.017539692638281e-05,7.306703806294807,0.0786,0.0802,0.09172
2.0,7.0,22.0247993,1.999098925,0.4334999999991851,69998.9335,0.0001498051319142531,6.294480413005285e-06,0.0,19369448.2675,0.00013926111138673217,1.0544020527520926e-05,7.5714034036680005,0.0786,0.0802,0.09172
2.0,7.0,22.982399,2.000070625,0.4334999999991851,69998.9335,0.00015003378674271695,6.4354318859986304e-06,0.0,19369448.3525,0.00013926111138673217,1.077267535598477e-05,7.735594846768626,0.0786,0.0802,0.09172
2.0,7.0,23.9932003,1.9995325499999999,0.4334999999991851,69998.9335,0.0001501340706828977,7.2248659409563796e-06,0.0,19369448.2875,0.00013926111138673217,1.0872959296165521e-05,7.8076062928802825,0.0786,0.0802,0.09172
2.0,7.0,25.0039997,2.00041,0.4334999999991851,69998.9335,0.00015010095824618592,6.07060145445974e-06,0.0,19369447.8,0.00013926111138673217,1.0839846859453747e-05,7.783829061475156,0.0786,0.0802,0.09172
2.0,7.0,26.0147991,1.9993672249999999,0.4334999999991851,69998.9335,0.00015024269265300903,5.37356505532323e-06,0.0,19369447.875,0.00013926111138673217,1.098158126627686e-05,7.885605074470997,0.0786,0.0802,0.09172
2.0,7.0,27.0256004,1.999262375,0.4334999999991851,69998.9335,0.00015032270677583576,4.71346737754592e-06,0.0,19369447.634999998,0.00013926111138673217,1.1061595389103587e-05,7.943061260214428,0.0786,0.0802,0.09172
2.0,7.0,27.9832001,1.9988603999999999,0.4334999999991851,69998.9335,0.00015050476030883716,6.685993298804705e-06,0.0,19369447.7725,0.00013926111138673217,1.124364892210499e-05,8.073789452161593,0.0786,0.0802,0.09172
2.0,7.0,28.9939995,1.9991295500000001,0.4334999999991851,69998.9335,0.00015048429087116943,6.16781295624008e-06,0.0,19369447.6125,0.00013926111138673217,1.1223179484437252e-05,8.05909084932559,0.0786,0.0802,0.09172
2.0,7.0,30.0047989,1.9990234,0.4334999999991851,69998.9335,0.00015047580834923814,6.677398675606365e-06,0.0,19369447.565,0.00013926111138673217,1.121469696250597e-05,8.052999757672785,0.0786,0.0802,0.09172
2.0,7.0,31.0156002,1.998934725,0.4334999999991851,69998.9335,0.00015068103816355066,6.961451121721279e-06,0.0,19369447.5375,0.00013926111138673217,1.141992677681849e-05,8.200370270710406,0.0786,0.0802,0.09172
2.0,7.0,32.0263977,2.000416425,0.4334999999991851,69998.9335,0.00015060940643604975,6.758337786924735e-06,0.0,19369448.012500003,0.00013926111138673217,1.134829504931758e-05,8.148933278151883,0.0786,0.0802,0.09172
2.0,7.0,32.9840012,1.9999737249999998,0.4334999999991851,69998.9335,0.00015064128758533838,5.66326596818893e-06,0.0,19369448.13,0.00013926111138673217,1.1380176198606205e-05,8.171826352155932,0.0786,0.0802,0.09172
2.0,7.0,33.9948006,1.999272825,0.4334999999991851,69998.9335,0.00015083769237491477,5.609736347949291e-06,0.0,19369448.17,0.00013926111138673217,1.1576580988182598e-05,8.312859830648698,0.0786,0.0802,0.09172
2.0,7.0,35.0056,1.99936865,0.4334999999991851,69998.9335,0.00015082108503749987,5.977932549505281e-06,0.0,19369448.155,0.00013926111138673217,1.1559973650767692e-05,8.300934507599402,0.0786,0.0802,0.09172
2.0,7.0,36.0163994,2.0001379249999998,0.4334999999991851,69998.9335,0.00015059933135520132,7.122366176455725e-06,0.0,19369448.1525,0.00013926111138673217,1.1338219968469145e-05,8.141698608869046,0.0786,0.0802,0.09172
2.0,7.0,36.973999,1.9998836999999998,0.4334999999991851,69998.9335,0.00015085307030382705,7.580189171617345e-06,0.0,19369448.0,0.00013926111138673217,1.1591958917094876e-05,8.323902345503813,0.0786,0.0802,0.09172
2.0,7.0,37.9847984,1.999526275,0.4334999999991851,69998.9335,0.00015112810629654393,6.77770636689984e-06,0.0,19369447.9925,0.00013926111138673217,1.186699490981176e-05,8.521398968917294,0.0786,0.0802,0.09172
2.0,7.0,38.9955978,1.9993371500000001,0.4334999999991851,69998.9335,0.0001510405079616071,5.66306578059363e-06,0.0,19369448.145,0.00013926111138673217,1.1779396574874919e-05,8.458496745845428,0.0786,0.0802,0.09172
2.0,7.0,40.0064011,1.999694525,0.4334999999991851,69998.9335,0.00015105146595103841,5.9172097119262805e-06,0.0,19369447.84,0.00013926111138673217,1.179035456430624e-05,8.466365410199895,0.0786,0.0802,0.09172
2.0,7.0,41.0172005,2.000039225,0.4334999999991851,69998.9335,0.00015107616242517876,6.769177467294065e-06,0.0,19369447.9225,0.00013926111138673217,1.1815051038446589e-05,8.484099344601557,0.0786,0.0802,0.09172
2.0,7.0,41.9748001,1.9998286749999998,0.4334999999991851,69998.9335,0.00015103462572141883,5.74467212537238e-06,0.0,19369448.505000003,0.00013926111138673217,1.1773514334686655e-05,8.454272852951217,0.0786,0.0802,0.09172
2.0,7.0,42.9855995,2.000097325,0.4334999999991851,69998.9335,0.00015092596564161948,7.151133253371124e-06,0.0,19369448.4775,0.00013926111138673217,1.1664854254887303e-05,8.376246705725091,0.0786,0.0802,0.09172
2.0,7.0,43.9963989,1.999538325,0.4334999999991851,69998.9335,0.00015070286497526305,5.614081598935736e-06,0.0,19369448.53,0.00013926111138673217,1.144175358853088e-05,8.216043570668337,0.0786,0.0802,0.09172
2.0,7.0,45.0071983,1.9993869,0.4334999999991851,69998.9335,0.00015051894706875131,6.529133837161585e-06,0.0,19369448.35,0.00013926111138673217,1.125783568201914e-05,8.083976617675987,0.0786,0.0802,0.09172
2.0,7.0,46.0179977,1.999647825,0.4334999999991851,69998.9335,0.00015023429794382514,5.92517360379125e-06,0.0,19369448.01,0.00013926111138673217,1.0973186557092967e-05,7.8795770390056035,0.0786,0.0802,0.09172
2.0,7.0,46.9755974,1.9995346,0.4334999999991851,69998.9335,0.00014998997463005093,6.8516241833752855e-06,0.0,19369447.9325,0.00013926111138673217,1.0728863243318756e-05,7.704134439602732,0.0786,0.0802,0.09172
2.0,7.0,47.9864006,2.0000057,0.4334999999991851,69998.9335,0.00014969334003870922,6.40393238288631e-06,0.0,19369447.96,0.00013926111138673217,1.0432228651977043e-05,7.491128390471076,0.0786,0.0802,0.09172
2.0,7.0,48.9972,1.9993747,0.4334999999991851,69998.9335,0.00014932260366253203,7.862175260267806e-06,0.0,19369447.93,0.00013926111138673217,1.006149227579986e-05,7.224911660986823,0.0786,0.0802,0.09172
2.0,7.0,50.0079994,1.9996496000000001,0.4334999999991851,69998.9335,0.00014899807145266327,7.693651365943881e-06,0.0,19369447.89,0.00013926111138673217,9.736960065931095e-06,6.991873013917916,0.0786,0.0802,0.09172
2.0,7.0,51.0187988,1.999506875,0.4334999999991851,69998.9335,0.00014870982473811885,8.26000380507163e-06,0.0,19369447.807499997,0.00013926111138673217,9.448713351386677e-06,6.784890094081845,0.0786,0.0802,0.09172
2.0,7.0,51.9763985,1.9997209,0.4334999999991851,69998.9335,0.0001482125423532741,7.256194358411875e-06,0.0,19369447.83,0.00013926111138673217,8.95143096654193e-06,6.427803769053332,0.0786,0.0802,0.09172
2.0,7.0,52.9871979,1.9992325750000002,0.4334999999991851,69998.9335,0.0001474441964980511,4.122177951403315e-06,0.0,19369447.68,0.00013926111138673217,8.183085111318939e-06,5.876073391798714,0.0786,0.0802,0.09172
2.0,7.0,53.9979973,1.99905015,0.4334999999991851,69998.9335,0.00014716922472874096,3.526681731608375e-06,0.0,19369447.5825,0.00013926111138673217,7.908113342008785e-06,5.678622885643734,0.0786,0.0802,0.09172
2.0,7.0,55.0088005,2.000145975,0.4334999999991851,69998.9335,0.0001467311584746016,3.221878004421085e-06,0.0,19369447.445,0.00013926111138673217,7.470047087869419e-06,5.364058216600671,0.0786,0.0802,0.09172
2.0,7.0,56.0195999,1.999066025,0.4334999999991851,69998.9335,0.0001461755790631309,6.25963728231132e-06,0.0,19369447.3275,0.00013926111138673217,6.9144676763987286e-06,4.965110221759648,0.0786,0.0802,0.09172
2.0,7.0,56.9771996,1.9997072,0.4334999999991851,69998.9335,0.00014572587065864954,6.5401768611218104e-06,0.0,19369447.380000003,0.00013926111138673217,6.4647592719173635e-06,4.6421856091357325,0.0786,0.0802,0.09172
2.0,7.0,57.987999,1.999361725,0.4334999999991851,69998.9335,0.00014499029864660425,5.878826776461299e-06,0.0,19369447.45,0.00013926111138673217,5.729187259872077e-06,4.113989327545977,0.0786,0.0802,0.09172
2.0,7.0,58.9987984,1.999026625,0.4334999999991851,69998.9335,0.0001443319695877363,5.10919386178333e-06,0.0,19369447.307499997,0.00013926111138673217,5.070858201004135e-06,3.6412593225126675,0.0786,0.0802,0.09172
2.0,7.0,60.0095978,1.999465225,0.4334999999991851,69998.9335,0.00014382629462166035,5.82609188552781e-06,0.0,19369447.41,0.00013926111138673217,4.565183234928174e-06,3.278146490049564,0.0786,0.0802,0.09172
2.0,7.0,61.0203972,1.99922235,0.4334999999991851,69998.9335,0.0001431159859433617,5.68973879301668e-06,0.0,19369447.1325,0.00013926111138673217,3.854874556629529e-06,2.7680911908884815,0.0786,0.0802,0.09172
2.0,7.0,61.9780006,1.9997526749999999,0.4334999999991851,69998.9335,0.00014250955426950643,6.0259801359038104e-06,0.0,19369447.1325,0.00013926111138673217,3.248442882774257e-06,2.332627429457486,0.0786,0.0802,0.09172
2.0,7.0,62.9888,1.9996119,0.4334999999991851,69998.9335,0.00014188025860018488,5.377646211311556e-06,0.0,19369446.997500002,0.00013926111138673217,2.619147213452701e-06,1.880745591767721,0.0786,0.0802,0.09172
2.0,7.0,63.9995995,1.9995285,0.4334999999991851,69998.9335,0.00014085853184289335,6.531921325581615e-06,0.0,19369446.917499997,0.00013926111138673217,1.5974204561611716e-06,1.1470685823589963,0.0786,0.0802,0.09172
2.0,7.0,65.0103989,1.9994546249999998,0.4334999999991851,69998.9335,0.0001401207214408575,4.73072806335958e-06,0.0,19369446.9675,0.00013926111138673217,8.596100541253258e-07,0.6172649676320359,0.0786,0.0802,0.09172
2.0,7.0,66.0212021,1.999500075,0.4334999999991851,69998.9335,0.00013935844103446496,5.83251660664471e-06,0.0,19369446.9675,0.00013926111138673217,9.732964773278554e-08,0.0698900409192472,0.0786,0.0802,0.09172
2.0,7.0,66.9787979,1.9997383499999999,0.4334999999991851,69998.9335,0.00013840188323444377,4.293716187312875e-06,0.0,19369446.98,0.00013926111138673217,-8.592281522884027e-07,-0.6169907332581176,0.0786,0.0802,0.09172
2.0,7.0,67.9896011,1.9989542500000002,0.4334999999991851,69998.9335,0.00013715953020615815,5.11688838193607e-06,0.0,19369446.9125,0.00013926111138673217,-2.1015811805740294e-06,-1.5090940748978205,0.0786,0.0802,0.09172
2.0,7.0,69.0003967,1.9989789,0.4334999999991851,69998.9335,0.0001363655367166518,3.1501277077530753e-06,0.0,19369446.9,0.00013926111138673217,-2.895574670080367e-06,-2.0792413914027095,0.0786,0.0802,0.09172
2.0,7.0,70.0112,1.99990045,0.4334999999991851,69998.9335,0.00013559757876471242,4.467035155642445e-06,0.0,19369446.9025,0.00013926111138673217,-3.6635326220197534e-06,-2.6306932247912456,0.0786,0.0802,0.09172
2.0,7.0,71.0219955,1.999905575,0.4334999999991851,69998.9335,0.00013469592273624624,6.618890367948815e-06,0.0,19369446.825000003,0.00013926111138673217,-4.5651886504859335e-06,-3.2781503788292135,0.0786,0.0802,0.09172
2.0,7.0,71.979599,1.9999453,0.4334999999991851,69998.9335,0.00013380923147158033,5.92028442873907e-06,0.0,19369447.035,0.00013926111138673217,-5.451879915151849e-06,-3.9148617017796297,0.0786,0.0802,0.09172
2.0,7.0,72.9904022,1.9996470999999998,0.4334999999991851,69998.9335,0.0001325195628493016,6.01452752030205e-06,0.0,19369446.84,0.00013926111138673217,-6.741548537430561e-06,-4.840941214887396,0.0786,0.0802,0.09172
2.0,7.0,74.0011978,1.999117325,0.4334999999991851,69998.9335,0.00013185485094894219,5.36604150882644e-06,0.0,19369446.7225,0.00013926111138673217,-7.40626043778999e-06,-5.318254582374104,0.0786,0.0802,0.09172
2.0,7.0,75.012001,1.999439175,0.4334999999991851,69998.9335,0.00013130402221661524,7.58861557853301e-06,0.0,19369446.67,0.00013926111138673217,-7.957089170116934e-06,-5.7137912306472005,0.0786,0.0802,0.09172
2.0,7.0,76.0227966,1.998987,0.4334999999991851,69998.9335,0.00013020766034570056,8.117165100492285e-06,0.0,19369446.775,0.00013926111138673217,-9.053451041031614e-06,-6.501061890774314,0.0786,0.0802,0.09172
2.0,7.0,76.9804001,1.999193625,0.4334999999991851,69998.9335,0.00012967481381863575,6.76572361292777e-06,0.0,19369446.775,0.00013926111138673217,-9.586297568096424e-06,-6.883685957004175,0.0786,0.0802,0.09172
2.0,7.0,77.9911957,2.000350175,0.4334999999991851,69998.9335,0.00012887905213987752,6.58718458444712e-06,0.0,19369446.7625,0.00013926111138673217,-1.0382059246854652e-05,-7.455102966989377,0.0786,0.0802,0.09172
2.0,7.0,79.0019989,1.999852875,0.4334999999991851,69998.9335,0.00012807999633877612,5.24935238838896e-06,0.0,19369446.64,0.00013926111138673217,-1.1181115047956052e-05,-8.028885405707966,0.0786,0.0802,0.09172
2.0,7.0,80.0128021,1.999978525,0.4334999999991851,69998.9335,0.00012732031587830842,7.236360638847346e-06,0.0,19369452.8125,0.00013926111138673217,-1.1940795508423753e-05,-8.574393374804984,0.0786,0.0802,0.09172
2.0,7.0,81.0235977,1.9994045749999998,0.4334999999991851,69998.9335,0.00012672889155013588,6.30053339910108e-06,0.0,19369458.58,0.00013926111138673217,-1.2532219836596296e-05,-8.999080728139498,0.0786,0.0802,0.09172
2.0,7.0,81.9812012,1.9996165750000001,0.4334999999991851,69998.9335,0.00012602716984437193,6.107828617486735e-06,0.0,19369458.2675,0.00013926111138673217,-1.3233941542360245e-05,-9.502969932222644,0.0786,0.0802,0.09172
2.0,7.0,82.9919968,1.999304,0.4334999999991851,69998.9335,0.00012611722000164215,6.27894756739088e-06,0.0,19369457.85,0.00013926111138673217,-1.3143891385090028e-05,-9.43830711546532,0.0786,0.0802,0.09172
2.0,7.0,84.0028,1.9995196499999999,0.4334999999991851,69998.9335,0.00012547782137287545,6.19880025931652e-06,0.0,19369457.8175,0.00013926111138673217,-1.378329001385672e-05,-9.897443641376752,0.0786,0.0802,0.09172
2.0,7.0,85.0135956,2.0006247,0.4334999999991851,69998.9335,0.00012515227411243393,6.487059240229545e-06,0.0,19369457.75,0.00013926111138673217,-1.4108837274298241e-05,-10.131211171450145,0.0786,0.0802,0.09172
2.0,7.0,86.0243988,1.998600225,0.4334999999991851,69998.9335,0.00012495779497247872,7.3799474104790396e-06,0.0,19369457.792499997,0.00013926111138673217,-1.4303316414253456e-05,-10.27086188802036,0.0786,0.0802,0.09172
2.0,7.0,86.9819946,1.9990413,0.4334999999991851,69998.9335,0.000125092269689867,6.2166115508314845e-06,0.0,19369457.86,0.00013926111138673217,-1.4168841696865177e-05,-10.174298880552438,0.0786,0.0802,0.09172
2.0,7.0,87.9927979,1.9990622999999998,0.4334999999991851,69998.9335,0.00012500532835224418,6.559077399378735e-06,0.0,19369457.869999997,0.00013926111138673217,-1.425578303448799e-05,-10.236729329912688,0.0786,0.0802,0.09172
2.0,7.0,89.0036011,1.998839375,0.4334999999991851,69998.9335,0.00012491719207226304,4.97988561124478e-06,0.0,19369457.915,0.00013926111138673217,-1.4343919314469136e-05,-10.300017838171385,0.0786,0.0802,0.09172
2.0,7.0,90.0143967,1.998896925,0.4334999999991851,69998.9335,0.00012516879916881445,6.39166688141277e-06,0.0,19369457.8925,0.00013926111138673217,-1.4092312217917725e-05,-10.119344932400375,0.0786,0.0802,0.09172
2.0,7.0,91.0251999,1.9991246500000002,0.4334999999991851,69998.9335,0.0001253010383041684,8.4781856951551e-06,0.0,19369457.884999998,0.00013926111138673217,-1.3960073082563772e-05,-10.024387241744927,0.0786,0.0802,0.09172
2.0,7.0,91.9827957,1.9995505750000002,0.4334999999991851,69998.9335,0.0001258275303401848,6.2020546043995145e-06,0.0,19369458.060000002,0.00013926111138673217,-1.3433581046547362e-05,-9.64632618020828,0.0786,0.0802,0.09172
2.0,7.0,92.9935989,1.99952205,0.4334999999991851,69998.9335,0.00012589838056116322,7.76147855673393e-06,0.0,19369457.855,0.00013926111138673217,-1.3362730825568951e-05,-9.595450368380485,0.0786,0.0802,0.09172
2.0,7.0,94.0043945,1.999398325,0.4334999999991851,69998.9335,0.00012635732820384207,5.278515962826605e-06,0.0,19369458.035,0.00013926111138673217,-1.2903783182890104e-05,-9.265891284650115,0.0786,0.0802,0.09172
2.0,7.0,95.0151978,1.999245825,0.4334999999991851,69998.9335,0.00012688791445173152,6.180484627658355e-06,0.0,19369458.0825,0.00013926111138673217,-1.2373196935000654e-05,-8.884890269646007,0.0786,0.0802,0.09172
2.0,7.0,96.026001,1.999762525,0.4334999999991851,69998.9335,0.00012753995333470136,6.0440591246079e-06,0.0,19369457.895000003,0.00013926111138673217,-1.1721158052030819e-05,-8.416677086168601,0.0786,0.0802,0.09172
2.0,7.0,96.9835968,1.9994933750000001,0.4334999999991851,69998.9335,0.0001277414507621138,5.875599579549635e-06,0.0,19369457.845,0.00013926111138673217,-1.1519660624618387e-05,-8.271986708929784,0.0786,0.0802,0.09172
2.0,7.0,97.9944,1.9991559749999999,0.4334999999991851,69998.9335,0.00012861821208095978,6.43853181664988e-06,0.0,19369457.825000003,0.00013926111138673217,-1.0642899305772399e-05,-7.642405837345903,0.0786,0.0802,0.09172
2.0,7.0,99.0051956,1.9994754750000001,0.4334999999991851,69998.9335,0.00012955686480976754,7.236680435812555e-06,0.0,19369457.322499998,0.00013926111138673217,-9.70424657696463e-06,-6.96838225713685,0.0786,0.0802,0.09172
2.0,7.0,100.0159988,1.999446875,0.4334999999991851,69998.9335,0.0001300069405869047,5.1625369714102355e-06,0.0,19369457.377499998,0.00013926111138673217,-9.254170799827477e-06,-6.645193843188839,0.0786,0.0802,0.09172
2.0,7.0,101.0267944,1.9996665,0.4334999999991851,69998.9335,0.00013077769963241092,5.205685496170645e-06,0.0,19369456.795,0.00013926111138673217,-8.483411754321252e-06,-6.091730612979649,0.0786,0.0802,0.09172
2.0,7.0,101.9843979,1.9990747999999998,0.4334999999991851,69998.9335,0.00013115522178133737,6.82245717560155e-06,0.0,19369456.79,0.00013926111138673217,-8.105889605394806e-06,-5.820641185955004,0.0786,0.0802,0.09172
2.0,7.0,102.9952011,1.9990374,0.4334999999991851,69998.9335,0.00013216902723775926,7.045467020391365e-06,0.0,19369456.795,0.00013926111138673217,-7.092084148972911e-06,-5.092652269073156,0.0786,0.0802,0.09172
2.0,7.0,104.0059967,2.000124375,0.4334999999991851,69998.9335,0.0001330321865360225,6.85856177103363e-06,0.0,19369456.572499998,0.00013926111138673217,-6.228924850709683e-06,-4.472838675983116,0.0786,0.0802,0.09172
2.0,7.0,105.0167999,1.9997947749999998,0.4334999999991851,69998.9335,0.00013400974569248577,6.19315166505372e-06,0.0,19369456.6075,0.00013926111138673217,-5.251365694246404e-06,-3.770877341100064,0.0786,0.0802,0.09172
2.0,7.0,106.0275955,1.9991710249999999,0.4334999999991851,69998.9335,0.0001346171468270694,5.74842268625334e-06,0.0,19369456.4825,0.00013926111138673217,-4.643964559662776e-06,-3.334717433617452,0.0786,0.0802,0.09172
2.0,7.0,106.985199,1.999625425,0.4334999999991851,69998.9335,0.00013543886493829003,5.742319583461576e-06,0.0,19369456.625,0.00013926111138673217,-3.822246448442144e-06,-2.7446617439578334,0.0786,0.0802,0.09172
2.0,7.0,107.9959946,1.99991035,0.4334999999991851,69998.9335,0.00013610815144480856,6.35654336836365e-06,0.0,19369456.5375,0.00013926111138673217,-3.152959941923612e-06,-2.264063463609557,0.0786,0.0802,0.09172
2.0,7.0,109.0067978,1.999753125,0.4334999999991851,69998.9335,0.0001369563430548625,5.26840517670439e-06,0.0,19369456.682499997,0.00013926111138673217,-2.3047683318696817e-06,-1.6549978015537106,0.0786,0.0802,0.09172
2.0,7.0,110.017601,1.999381175,0.4334999999991851,69998.9335,0.00013773618705575317,6.244694461029535e-06,0.0,19369456.64,0.00013926111138673217,-1.524924330979007e-06,-1.095010886954828,0.0786,0.0802,0.09172
2.0,7.0,110.9751968,1.9995455500000001,0.4334999999991851,69998.9335,0.0001383291368085084,5.564297041642385e-06,0.0,19369456.68,0.00013926111138673217,-9.319745782237815e-07,-0.6692281635148386,0.0786,0.0802,0.09172
2.0,7.0,111.9860001,1.999634175,0.4334999999991851,69998.9335,0.00013879177271161337,5.57695348382451e-06,0.0,19369456.887500003,0.00013926111138673217,-4.6933867511880453e-07,-0.33702063012798833,0.0786,0.0802,0.09172
2.0,7.0,112.9967957,1.9996553750000001,0.4334999999991851,69998.9335,0.00013997242680959665,5.07991924748888e-06,0.0,19369456.872500002,0.00013926111138673217,7.113154228644773e-07,0.5107782178250276,0.0786,0.0802,0.09172
2.0,7.0,114.0075989,2.0001533499999997,0.4334999999991851,69998.9335,0.00014092153637683538,5.9072449140093504e-06,0.0,19369456.805,0.00013926111138673217,1.660424990103203e-06,1.1923105981052773,0.0786,0.0802,0.09172
2.0,7.0,115.0183945,1.9988563,0.4334999999991851,69998.9335,0.00014169538605235025,6.35077314784394e-06,0.0,19369456.8675,0.00013926111138673217,2.4342746656180736e-06,1.7479931341765769,0.0786,0.0802,0.09172
2.0,7.0,115.9759979,1.9997295249999998,0.4334999999991851,69998.9335,0.00014276812555497536,5.786433785327515e-06,0.0,19369456.8325,0.00013926111138673217,3.50701416824319e-06,2.5183011490581237,0.0786,0.0802,0.09172
2.0,7.0,116.9868011,1.9991149,0.4334999999991851,69998.9335,0.00014364843205165277,7.53027040619731e-06,0.0,19369456.7725,0.00013926111138673217,4.3873206649205985e-06,3.1504277261847213,0.0786,0.0802,0.09172
2.0,7.0,117.9975967,1.998924125,0.4334999999991851,69998.9335,0.0001445535706084883,7.1420098572769654e-06,0.0,19369456.917499997,0.00013926111138673217,5.292459221756138e-06,3.8003855987180972,0.0786,0.0802,0.09172
2.0,7.0,119.0084,1.998595725,0.4334999999991851,69998.9335,0.00014573373163002078,5.648881271434105e-06,0.0,19369456.4375,0.00013926111138673217,6.472620243288602e-06,4.6478303805245,0.0786,0.0802,0.09172
2.0,7.0,120.0191956,1.9994874999999999,0.4334999999991851,69998.9335,0.00014650259646137773,5.713395096808415e-06,0.0,19369456.33,0.00013926111138673217,7.241485074645552e-06,5.199933421855105,0.0786,0.0802,0.09172
2.0,7.0,120.976799,1.999785025,0.4334999999991851,69998.9335,0.00014736269864955615,7.407491315054095e-06,0.0,19369456.3875,0.00013926111138673217,8.101587262823978e-06,5.81755177892099,0.0786,0.0802,0.09172
2.0,7.0,121.9875946,1.9998106249999998,0.4334999999991851,69998.9335,0.00014826636942640747,6.0939939732213395e-06,0.0,19369456.322499998,0.00013926111138673217,9.005258039675293e-06,6.466455674525983,0.0786,0.0802,0.09172
2.0,7.0,122.9983978,1.9994919750000002,0.4334999999991851,69998.9335,0.00014932690797131527,6.5917971386935494e-06,0.0,19369462.5475,0.00013926111138673217,1.0065796584583092e-05,7.228002479909902,0.0786,0.0802,0.09172
2.0,7.0,124.009201,1.999122525,0.4334999999991851,69998.9335,0.00015047807644119415,6.8315992273350945e-06,0.0,19369468.049999997,0.00013926111138673217,1.1216965054461971e-05,8.054628419065342,0.0786,0.0802,0.09172
2.0,7.0,125.0199966,1.999509925,0.4334999999991851,69998.9335,0.00015120691898461776,4.8089132844248295e-06,0.0,19369467.6,0.00013926111138673217,1.1945807597885588e-05,8.577992433732437,0.0786,0.0802,0.09172
2.0,7.0,125.9776001,1.999149725,0.4334999999991851,69998.9335,0.0001521502919619264,5.437791100855915e-06,0.0,19369467.855,0.00013926111138673217,1.2889180575194234e-05,9.255405509008616,0.0786,0.0802,0.09172
2.0,7.0,126.9883957,2.00040525,0.4334999999991851,69998.9335,0.00015307769166787027,5.701727148686215e-06,0.0,19369468.3475,0.00013926111138673217,1.38165802811381e-05,9.921348568567037,0.0786,0.0802,0.09172
2.0,7.0,127.9991989,1.9992130750000001,0.4334999999991851,69998.9335,0.00015416792736442253,5.776856271483945e-06,0.0,19369468.3375,0.00013926111138673217,1.490681597769036e-05,10.704220172632182,0.0786,0.0802,0.09172
2.0,7.0,129.0099945,1.9994207,0.4334999999991851,69998.9335,0.00015497438099267008,5.690282542125675e-06,0.0,19369468.95,0.00013926111138673217,1.5713269605937907e-05,11.283314810192559,0.0786,0.0802,0.09172
2.0,7.0,130.0207977,1.99971175,0.4334999999991851,69998.9335,0.00015581562514381747,5.629907687710185e-06,0.0,19369469.3925,0.00013926111138673217,1.65545137570853e-05,11.887391671830718,0.0786,0.0802,0.09172
2.0,7.0,130.9783936,1.9995707,0.4334999999991851,69998.9335,0.00015664342285643835,5.584336973090515e-06,0.0,19369469.3725,0.00013926111138673217,1.7382311469706178e-05,12.481812974646592,0.0786,0.0802,0.09172
2.0,7.0,131.9891968,1.99950035,0.4334999999991851,69998.9335,0.00015731905279347936,5.91144818743634e-06,0.0,19369469.2675,0.00013926111138673217,1.8057941406747187e-05,12.966966317394778,0.0786,0.0802,0.09172
2.0,7.0,133.0,1.9994258,0.4334999999991851,69998.9335,0.00015772679224331415,7.31224010217376e-06,0.0,19369469.09,0.00013926111138673217,1.8465680856581977e-05,13.259754049572564,0.0786,0.0802,0.09172
2.0,7.0,134.0108032,1.99920255,0.4334999999991851,69998.9335,0.0001583184725304151,6.956759440085695e-06,0.0,19369469.3,0.00013926111138673217,1.9057361143682915e-05,13.68462520075692,0.0786,0.0802,0.09172
2.0,7.0,135.0215912,1.9987248,0.4334999999991851,69998.9335,0.00015833162168718461,7.83707826823528e-06,0.0,19369469.2225,0.00013926111138673217,1.907051030045244e-05,13.694067288816242,0.0786,0.0802,0.09172
2.0,7.0,135.9792023,2.000148075,0.4334999999991851,69998.9335,0.00015822698246678016,9.195150288167866e-06,0.0,19369469.23,0.00013926111138673217,1.8965871080047983e-05,13.618928422436042,0.0786,0.0802,0.09172
2.0,7.0,136.9899902,1.998694375,0.4334999999991851,69998.9335,0.00015794900256995792,6.9843747173713605e-06,0.0,19369469.25,0.00013926111138673217,1.8687891183225745e-05,13.419317853445047,0.0786,0.0802,0.09172
2.0,7.0,138.0007935,1.9995512500000001,0.4334999999991851,69998.9335,0.00015735328528425837,8.610870857072555e-06,0.0,19369469.375,0.00013926111138673217,1.8092173897526196e-05,12.99154783224708,0.0786,0.0802,0.09172
2.0,7.0,139.0115967,1.9988639,0.4334999999991851,69998.9335,0.00015638733668968738,7.97185470077067e-06,0.0,19369469.6625,0.00013926111138673217,1.7126225302955205e-05,12.29792375805129,0.0786,0.0802,0.09172
2.0,7.0,140.0223999,1.9992601,0.4334999999991851,69998.9335,0.00015541447581821652,7.397688139179279e-06,0.0,19369469.0975,0.00013926111138673217,1.6153364431484345e-05,11.599336146776814,0.0786,0.0802,0.09172
2.0,7.0,140.9799957,1.9998988249999998,0.4334999999991851,69998.9335,0.00015413626461201397,8.336852204549975e-06,0.0,19369469.067500003,0.00013926111138673217,1.4875153225281796e-05,10.681483924089232,0.0786,0.0802,0.09172
2.0,7.0,141.990799,1.999700475,0.4334999999991851,69998.9335,0.00015292105400865387,8.77129194943554e-06,0.0,19369469.0925,0.00013926111138673217,1.3659942621921693e-05,9.808870894321412,0.0786,0.0802,0.09172
2.0,7.0,143.0016022,1.999448075,0.4334999999991851,69998.9335,0.00015099611378514326,8.30897161570986e-06,0.0,19369469.1025,0.00013926111138673217,1.1735002398411082e-05,8.426618372894238,0.0786,0.0802,0.09172
2.0,7.0,144.0123901,1.9994307999999998,0.4334999999991851,69998.9335,0.0001489473937141062,6.8016645357604495e-06,0.0,19369469.075000003,0.00013926111138673217,9.686282327374033e-06,6.955482568622437,0.0786,0.0802,0.09172
2.0,7.0,145.0231934,1.9991354499999998,0.4334999999991851,69998.9335,0.000146830185462933,7.3841698309857655e-06,0.0,19369468.9575,0.00013926111138673217,7.569074076200816e-06,5.435167076314131,0.0786,0.0802,0.09172
2.0,7.0,145.9808044,1.9988565999999999,0.4334999999991851,69998.9335,0.0001447976614069667,6.926739825913871e-06,0.0,19369468.932499997,0.00013926111138673217,5.536550020234513e-06,3.975661234570613,0.0786,0.0802,0.09172
2.0,7.0,146.9915924,1.998875725,0.4334999999991851,69998.9335,0.0001429146462837829,7.252046772885425e-06,0.0,19369468.9825,0.00013926111138673217,3.653534897050725e-06,2.623514102874529,0.0786,0.0802,0.09172
2.0,7.0,148.0023956,1.9991580999999998,0.4334999999991851,69998.9335,0.00014097455366597473,6.494112086946066e-06,0.0,19369468.9375,0.00013926111138673217,1.7134422792425556e-06,1.2303810174861212,0.0786,0.0802,0.09172
2.0,7.0,149.0131989,1.999131775,0.4334999999991851,69998.9335,0.00013873894105166076,5.52346960949926e-06,0.0,19369469.0225,0.00013926111138673217,-5.22170335071412e-07,-0.37495775372733436,0.0786,0.0802,0.09172
2.0,7.0,150.0240021,1.9999382,0.4334999999991851,69998.9335,0.00013678980917193064,5.06135549298652e-06,0.0,19369468.5,0.00013926111138673217,-2.4713022148015347e-06,-1.7745817121469438,0.0786,0.0802,0.09172
2.0,7.0,150.9815979,1.9997973,0.4334999999991851,69998.9335,0.00013505528884382654,5.4950832648458755e-06,0.0,19369468.615000002,0.00013926111138673217,-4.205822542905632e-06,-3.0200983612904966,0.0786,0.0802,0.09172
2.0,7.0,151.9924011,1.99978195,0.4334999999991851,69998.9335,0.00013325272165556413,5.347918646592395e-06,0.0,19369468.612499997,0.00013926111138673217,-6.008389731168047e-06,-4.314477797382051,0.0786,0.0802,0.09172
2.0,7.0,153.0032043,1.999387475,0.4334999999991851,69998.9335,0.00013161281162603485,6.232497876300625e-06,0.0,19369468.5075,0.00013926111138673217,-7.648299760697322e-06,-5.492057103765149,0.0786,0.0802,0.09172
2.0,7.0,154.0139923,1.999563375,0.4334999999991851,69998.9335,0.00013023383494746723,5.161832673725755e-06,0.0,19369468.49,0.00013926111138673217,-9.027276439264946e-06,-6.482266549055418,0.0786,0.0802,0.09172
2.0,7.0,155.0247955,1.9995397750000001,0.4334999999991851,69998.9335,0.00012912494818128478,5.982178254534769e-06,0.0,19369468.377499998,0.00013926111138673217,-1.0136163205447393e-05,-7.2785310303168345,0.0786,0.0802,0.09172
2.0,7.0,155.9823914,1.999323075,0.4334999999991851,69998.9335,0.00012804381969651118,6.927565051374265e-06,0.0,19369468.3825,0.00013926111138673217,-1.1217291690220993e-05,-8.05486296821964,0.0786,0.0802,0.09172
2.0,7.0,156.9931946,1.999349025,0.4334999999991851,69998.9335,0.00012663096390193318,5.731270005008924e-06,0.0,19369468.384999998,0.00013926111138673217,-1.2630147484798997e-05,-9.06940017857872,0.0786,0.0802,0.09172
2.0,7.0,158.0039978,2.0000452749999997,0.4334999999991851,69998.9335,0.00012595018179530724,5.52215949044691e-06,0.0,19369468.4375,0.00013926111138673217,-1.3310929591424934e-05,-9.558253168366647,0.0786,0.0802,0.09172
2.0,7.0,159.014801,1.9987621,0.4334999999991851,69998.9335,0.0001247885985523374,5.5378121725575055e-06,0.0,19369468.4125,0.00013926111138673217,-1.4472512834394762e-05,-10.392357701500867,0.0786,0.0802,0.09172
2.0,7.0,160.0256042,1.999919175,0.4334999999991851,69998.9335,0.00012407676848772038,7.379192896101664e-06,0.0,19369468.775,0.00013926111138673217,-1.5184342899011793e-05,-10.903505470988543,0.0786,0.0802,0.09172
2.0,7.0,160.9832001,1.998643725,0.4334999999991851,69998.9335,0.00012325902378098344,6.87138111168529e-06,0.0,19369462.9175,0.00013926111138673217,-1.6002087605748733e-05,-11.490707956013987,0.0786,0.0802,0.09172
2.0,7.0,161.9940033,1.9988637749999998,0.4334999999991851,69998.9335,0.00012266724257305455,7.77488142422487e-06,0.0,19369456.8575,0.00013926111138673217,-1.6593868813677626e-05,-11.915651575977996,0.0786,0.0802,0.09172
2.0,7.0,163.0047913,1.998892325,0.4334999999991851,69998.9335,0.00012206793543611543,8.13661921092973e-06,0.0,19369457.04,0.00013926111138673217,-1.7193175950616744e-05,-12.345999381601079,0.0786,0.0802,0.09172
2.0,7.0,164.0155945,1.9986462999999999,0.4334999999991851,69998.9335,0.00012162255655298395,7.17080529082975e-06,0.0,19369456.810000002,0.00013926111138673217,-1.7638554833748223e-05,-12.665815070774094,0.0786,0.0802,0.09172
2.0,7.0,165.0263977,1.998567225,0.4334999999991851,69998.9335,0.0001212340982302908,6.110548212253815e-06,0.0,19369456.79,0.00013926111138673217,-1.8027013156441372e-05,-12.944757496857706,0.0786,0.0802,0.09172
2.0,7.0,165.9839935,1.9998646999999998,0.4334999999991851,69998.9335,0.00012094265448931671,6.49796087667919e-06,0.0,19369456.79,0.00013926111138673217,-1.831845689741546e-05,-13.154036123225076,0.0786,0.0802,0.09172
2.0,7.0,166.9947968,1.9996215,0.4334999999991851,69998.9335,0.0001207583479360302,7.22905137527743e-06,0.0,19369456.84,0.00013926111138673217,-1.850276345070197e-05,-13.28638215396634,0.0786,0.0802,0.09172
2.0,7.0,168.0056,1.999178025,0.4334999999991851,69998.9335,0.00012062362220424428,6.755144646939125e-06,0.0,19369456.6725,0.00013926111138673217,-1.8637489182487898e-05,-13.383125408737437,0.0786,0.0802,0.09172
2.0,7.0,169.0164032,1.999074975,0.4334999999991851,69998.9335,0.00012044139864049806,6.1522373229241e-06,0.0,19369456.697499998,0.00013926111138673217,-1.8819712746234114e-05,-13.513975695606236,0.0786,0.0802,0.09172
2.0,7.0,170.0271912,1.9993074499999999,0.4334999999991851,69998.9335,0.00012056814883424038,6.553601005567935e-06,0.0,19369456.6675,0.00013926111138673217,-1.869296255249179e-05,-13.422959479750872,0.0786,0.0802,0.09172
2.0,7.0,170.9848022,1.999563775,0.4334999999991851,69998.9335,0.00012066149567587379,4.744105324590205e-06,0.0,19369456.307499997,0.00013926111138673217,-1.8599615710858386e-05,-13.355929394536217,0.0786,0.0802,0.09172
2.0,7.0,171.9955902,1.99931275,0.4334999999991851,69998.9335,0.00012100874048016617,8.676543769311305e-06,0.0,19369456.1475,0.00013926111138673217,-1.8252370906566e-05,-13.106581388596442,0.0786,0.0802,0.09172
2.0,7.0,173.0063934,1.99912605,0.4334999999991851,69998.9335,0.00012109040857261862,7.464192197095015e-06,0.0,19369456.185,0.00013926111138673217,-1.8170702814113558e-05,-13.047937527694279,0.0786,0.0802,0.09172
2.0,7.0,174.0171967,1.998770725,0.4334999999991851,69998.9335,0.00012147060897133698,7.4910336102002755e-06,0.0,19369456.11,0.00013926111138673217,-1.7790502415395194e-05,-12.774924914960966,0.0786,0.0802,0.09172
2.0,7.0,175.0279999,1.9988025500000002,0.4334999999991851,69998.9335,0.00012198444362367656,6.7703652116899555e-06,0.0,19369456.1725,0.00013926111138673217,-1.7276667763055614e-05,-12.405952811246639,0.0786,0.0802,0.09172
2.0,7.0,175.9855957,1.9987570749999999,0.4334999999991851,69998.9335,0.00012248725418263117,5.6517125941626e-06,0.0,19369455.9725,0.00013926111138673217,-1.6773857204101006e-05,-12.044896839520055,0.0786,0.0802,0.09172
2.0,7.0,176.9963989,1.99894625,0.4334999999991851,69998.9335,0.00012308755262192657,4.618895788732495e-06,0.0,19369456.1125,0.00013926111138673217,-1.6173558764805607e-05,-11.613837203906236,0.0786,0.0802,0.09172
2.0,7.0,178.0072021,1.99883745,0.4334999999991851,69998.9335,0.00012388416353873707,5.32135228430537e-06,0.0,19369456.1725,0.00013926111138673217,-1.5376947847995102e-05,-11.041810376834398,0.0786,0.0802,0.09172
2.0,7.0,179.0179901,1.9992667499999999,0.4334999999991851,69998.9335,0.0001247394578218586,4.882386299861665e-06,0.0,19369456.1325,0.00013926111138673217,-1.4521653564873586e-05,-10.427644458865856,0.0786,0.0802,0.09172
2.0,7.0,180.0287933,1.9986237249999999,0.4334999999991851,69998.9335,0.00012554820204337366,3.5584060912413754e-06,0.0,19369456.1025,0.00013926111138673217,-1.3712909343358514e-05,-9.84690500227114,0.0786,0.0802,0.09172
2.0,7.0,180.9863892,1.99968585,0.4334999999991851,69998.9335,0.00012659254627777537,4.61023381698213e-06,0.0,19369456.1475,0.00013926111138673217,-1.2668565108956803e-05,-9.096986935409289,0.0786,0.0802,0.09172
2.0,7.0,181.9971924,1.9991147749999998,0.4334999999991851,69998.9335,0.00012766952959120792,5.67024422081292e-06,0.0,19369456.1075,0.00013926111138673217,-1.1591581795524251e-05,-8.323631543722273,0.0786,0.0802,0.09172
2.0,7.0,183.0079956,1.9994696250000001,0.4334999999991851,69998.9335,0.00012896773571367283,3.5451712223652452e-06,0.0,19369456.1025,0.00013926111138673217,-1.0293375673059343e-05,-7.391421460420733,0.0786,0.0802,0.09172
2.0,7.0,184.0187988,1.99858345,0.4334999999991851,69998.9335,0.00013028305715780177,6.00613374004654e-06,0.0,19369456.060000002,0.00013926111138673217,-8.978054228930409e-06,-6.446921282997728,0.0786,0.0802,0.09172
2.0,7.0,184.9763947,1.9990812249999999,0.4334999999991851,69998.9335,0.00013143866915434679,7.74833910685818e-06,0.0,19369456.205,0.00013926111138673217,-7.82244223238539e-06,-5.6171045559605215,0.0786,0.0802,0.09172
2.0,7.0,185.9871979,1.999118825,0.4334999999991851,69998.9335,0.0001326319171768227,7.1186263264478e-06,0.0,19369456.11,0.00013926111138673217,-6.629194209909487e-06,-4.760262318674178,0.0786,0.0802,0.09172
2.0,7.0,186.9980011,1.9996960000000001,0.4334999999991851,69998.9335,0.0001340245173722792,5.95597159589943e-06,0.0,19369455.565,0.00013926111138673217,-5.236594014452984e-06,-3.7602701589180985,0.0786,0.0802,0.09172
2.0,7.0,188.0087891,1.999686025,0.4334999999991851,69998.9335,0.00013552586153494376,6.55350336345433e-06,0.0,19369455.6025,0.00013926111138673217,-3.735249851788419e-06,-2.682191614438234,0.0786,0.0802,0.09172
2.0,7.0,189.0195923,1.998976925,0.4334999999991851,69998.9335,0.00013698213182443365,7.33851238750217e-06,0.0,19369455.822499998,0.00013926111138673217,-2.2789795622985248e-06,-1.6364795165031623,0.0786,0.0802,0.09172
2.0,7.0,189.9772034,1.9993358749999999,0.4334999999991851,69998.9335,0.00013847799481715706,4.79157978810754e-06,0.0,19369449.5975,0.00013926111138673217,-7.831165695751147e-07,-0.5623368661767871,0.0786,0.0802,0.09172
2.0,7.0,190.9879913,1.999345375,0.4334999999991851,69998.9335,0.00013995287434611574,7.679545811673285e-06,0.0,19369443.3675,0.00013926111138673217,6.917629593835618e-07,0.49673807173814366,0.0786,0.0802,0.09172
2.0,7.0,191.9987946,1.9997943500000002,0.4334999999991851,69998.9335,0.00014133717147422399,7.679409693136704e-06,0.0,19369443.302500002,0.00013926111138673217,2.076060087491811e-06,1.4907680017909175,0.0786,0.0802,0.09172
2.0,7.0,193.0095978,1.9991302750000002,0.4334999999991851,69998.9335,0.0001426806274437762,7.540606262862905e-06,0.0,19369443.35,0.00013926111138673217,3.419516057044024e-06,2.4554708942024224,0.0786,0.0802,0.09172
2.0,7.0,194.020401,1.998665275,0.4334999999991851,69998.9335,0.00014387529659898969,6.49754272400136e-06,0.0,19369443.2875,0.00013926111138673217,4.6141852122575115e-06,3.313333612169577,0.0786,0.0802,0.09172
2.0,7.0,194.9779968,1.998749225,0.4334999999991851,69998.9335,0.00014485857737405795,7.4707623308377495e-06,0.0,19369443.39,0.00013926111138673217,5.597465987325774e-06,4.019403501514107,0.0786,0.0802,0.09172
2.0,7.0,195.9888,1.9984941250000001,0.4334999999991851,69998.9335,0.0001457587521288895,7.27094816266445e-06,0.0,19369443.3475,0.00013926111138673217,6.497640742157332e-06,4.66579698916318,0.0786,0.0802,0.09172
2.0,7.0,196.9996033,1.998706475,0.4334999999991851,69998.9335,0.0001466922101503969,6.4105207200991855e-06,0.0,19369443.395,0.00013926111138673217,7.431098763664717e-06,5.336090377038812,0.0786,0.0802,0.09172
2.0,7.0,198.0103912,1.9989387,0.4334999999991851,69998.9335,0.00014731778489858742,6.619922695338675e-06,0.0,19369443.3175,0.00013926111138673217,8.056673511855247e-06,5.7853003122182685,0.0786,0.0802,0.09172
2.0,7.0,199.0211945,1.9993574,0.4334999999991851,69998.9335,0.00014794494216440048,7.44494101967154e-06,0.0,19369443.317500003,0.00013926111138673217,8.68383077766831e-06,6.235646614619538,0.0786,0.0802,0.09172
2.0,7.0,199.9787903,1.9989357,0.4334999999991851,69998.9335,0.00014847746285635952,7.6280009703027656e-06,0.0,19369442.895,0.00013926111138673217,9.216351469627343e-06,6.618036706624626,0.0786,0.0802,0.09172
2.0,7.0,200.9895935,1.99880615,0.4334999999991851,69998.9335,0.00014891855600515218,7.734098777300955e-06,0.0,19369443.3125,0.00013926111138673217,9.657444618420009e-06,6.934774914729068,0.0786,0.0802,0.09172
2.0,7.0,202.0003967,1.9992618,0.4334999999991851,69998.9335,0.00014926588241176872,7.895530256841145e-06,0.0,19369443.3425,0.00013926111138673217,1.000477102503655e-05,7.184181517303139,0.0786,0.0802,0.09172
2.0,7.0,203.0112,1.99938915,0.4334999999991851,69998.9335,0.00014967188129374497,7.506024689310645e-06,0.0,19369443.252499998,0.00013926111138673217,1.0410769907012794e-05,7.475719390247994,0.0786,0.0802,0.09172
2.0,7.0,204.0220032,1.999355225,0.4334999999991851,69998.9335,0.00014992247146143012,7.601718588575121e-06,0.0,19369443.259999998,0.00013926111138673217,1.0661360074697948e-05,7.655662064257868,0.0786,0.0802,0.09172
2.0,7.0,204.979599,1.999032625,0.4334999999991851,69998.9335,0.00014992813042414592,7.917985302907815e-06,0.0,19369443.3325,0.00013926111138673217,1.0667019037413747e-05,7.6597256270568765,0.0786,0.0802,0.09172
2.0,7.0,205.9904022,1.999013175,0.4334999999991851,69998.9335,0.00015020442223780925,7.49019061054192e-06,0.0,19369443.310000002,0.00013926111138673217,1.0943310851077077e-05,7.858124024794821,0.0786,0.0802,0.09172
2.0,7.0,207.0011902,1.9988101249999999,0.4334999999991851,69998.9335,0.0001503434585296571,8.373129728315964e-06,0.0,19369443.384999998,0.00013926111138673217,1.1082347142924934e-05,7.957962587379424,0.0786,0.0802,0.09172
2.0,7.0,208.0119934,1.998385,0.4334999999991851,69998.9335,0.00015027052268193255,7.427787670821735e-06,0.0,19369443.307499997,0.00013926111138673217,1.1009411295200374e-05,7.9055891379661025,0.0786,0.0802,0.09172
2.0,7.0,209.0227966,1.99917,0.4334999999991851,69998.9335,0.0001503661965572277,7.91742982772922e-06,0.0,19369443.2075,0.00013926111138673217,1.1105085170495517e-05,7.974290209171439,0.0786,0.0802,0.09172
2.0,7.0,209.9803925,1.999007875,0.4334999999991851,69998.9335,0.00015035885503499285,7.99876505303198e-06,0.0,19369443.2475,0.00013926111138673217,1.1097743648260679e-05,7.96901844151015,0.0786,0.0802,0.09172
2.0,7.0,210.9911957,1.99838195,0.4334999999991851,69998.9335,0.00015051006243341623,9.210698871810136e-06,0.0,19369443.427500002,0.00013926111138673217,1.1248951046684058e-05,8.077596778217137,0.0786,0.0802,0.09172
2.0,7.0,212.0019989,1.998106075,0.4334999999991851,69998.9335,0.00015049489998763464,8.071414707662285e-06,0.0,19369443.9,0.00013926111138673217,1.1233788600902467e-05,8.066708996530918,0.0786,0.0802,0.09172
2.0,7.0,213.0128021,1.999780825,0.4334999999991851,69998.9335,0.00015047190786173488,7.81405122335058e-06,0.0,19369444.0825,0.00013926111138673217,1.12107964750027e-05,8.050198912939873,0.0786,0.0802,0.09172
2.0,7.0,214.0235901,1.9989389000000002,0.4334999999991851,69998.9335,0.0001507580351409169,8.303914725103119e-06,0.0,19369444.09,0.00013926111138673217,1.1496923754184717e-05,8.255659918049501,0.0786,0.0802,0.09172
2.0,7.0,214.9812012,1.999162525,0.4334999999991851,69998.9335,0.0001506252484905609,8.27199525266939e-06,0.0,19369444.0625,0.00013926111138673217,1.1364137103828733e-05,8.160309070254504,0.0786,0.0802,0.09172
2.0,7.0,215.9919891,1.9989951499999998,0.4334999999991851,69998.9335,0.00015068050564505332,8.577578048526711e-06,0.0,19369443.9975,0.00013926111138673217,1.1419394258321147e-05,8.199987882194302,0.0786,0.0802,0.09172
2.0,7.0,217.0027924,1.998610075,0.4334999999991851,69998.9335,0.000150654806591291,7.17173825117911e-06,0.0,19369444.1025,0.00013926111138673217,1.1393695204558828e-05,8.181534019873075,0.0786,0.0802,0.09172
2.0,7.0,218.0135956,1.998423275,0.4334999999991851,69998.9335,0.00015063049215499974,7.0344854894968496e-06,0.0,19369444.509999998,0.00013926111138673217,1.1369380768267562e-05,8.164074417512337,0.0786,0.0802,0.09172
2.0,7.0,219.0243988,1.99897855,0.4334999999991851,69998.9335,0.00015107309974885465,8.91290805221025e-06,0.0,19369444.1475,0.00013926111138673217,1.1811988362122477e-05,8.481900111597012,0.0786,0.0802,0.09172
2.0,7.0,219.9819946,1.99883105,0.4334999999991851,69998.9335,0.00015054858022054774,7.542822841599345e-06,0.0,19369444.145,0.00013926111138673217,1.1287468833815563e-05,8.105255459630744,0.0786,0.0802,0.09172
2.0,7.0,220.9927979,1.999014975,0.4334999999991851,69998.9335,0.00015090881380114225,9.062653858192485e-06,0.0,19369444.0275,0.00013926111138673217,1.1647702414410076e-05,8.363930388336529,0.0786,0.0802,0.09172
2.0,7.0,222.0036011,1.9987677499999998,0.4334999999991851,69998.9335,0.0001509067211263867,9.194360219539856e-06,0.0,19369443.9175,0.00013926111138673217,1.1645609739654533e-05,8.36242768974774,0.0786,0.0802,0.09172
2.0,7.0,223.014389,1.999350575,0.4334999999991851,69998.9335,0.00015079003077314866,7.83421742157666e-06,0.0,19369444.0775,0.00013926111138673217,1.1528919386416487e-05,8.27863519945661,0.0786,0.0802,0.09172
2.0,7.0,224.0251923,1.999486025,0.4334999999991851,69998.9335,0.00015072378169006713,8.411574934698045e-06,0.0,19369444.1075,0.00013926111138673217,1.1462670303334952e-05,8.231063352282735,0.0786,0.0802,0.09172
2.0,7.0,224.9828033,1.9983852500000001,0.4334999999991851,69998.9335,0.0001504477738849732,6.7095447087441e-06,0.0,19369444.1075,0.00013926111138673217,1.1186662498241024e-05,8.032868894156199,0.0786,0.0802,0.09172
2.0,7.0,225.9935913,1.9984515,0.4334999999991851,69998.9335,0.0001504699041738365,7.720145113379704e-06,0.0,19369443.98,0.00013926111138673217,1.1208792787104321e-05,8.048760113638025,0.0786,0.0802,0.09172
2.0,7.0,227.0043945,1.9993871250000002,0.4334999999991851,69998.9335,0.00015025748336608224,8.98033310143251e-06,0.0,19369444.185000002,0.00013926111138673217,1.099637197935006e-05,7.896225923985925,0.0786,0.0802,0.09172
2.0,7.0,228.0151978,1.99887715,0.4334999999991851,69998.9335,0.0001500066881156973,8.071559604075995e-06,0.0,19369443.965,0.00013926111138673217,1.0745576728965115e-05,7.716135985102356,0.0786,0.0802,0.09172
2.0,7.0,229.026001,1.999635975,0.4334999999991851,69998.9335,0.0001495707808376274,7.29566744251368e-06,0.0,19369444.064999998,0.00013926111138673217,1.030966945089523e-05,7.403121624000958,0.0786,0.0802,0.09172
2.0,7.0,229.9835968,2.000008225,0.4334999999991851,69998.9335,0.00014933668488224604,8.061655675124925e-06,0.0,19369438.185000002,0.00013926111138673217,1.007557349551387e-05,7.23502304066331,0.0786,0.0802,0.09172
2.0,7.0,230.9944,1.9994388,0.4334999999991851,69998.9335,0.00014965585492814055,6.188796614287035e-06,0.0,19369432.009999998,0.00013926111138673217,1.039474354140837e-05,7.464211248854581,0.0786,0.0802,0.09172
2.0,7.0,232.0052032,1.998652275,0.4334999999991851,69998.9335,0.0001486909213715036,6.154255236019605e-06,0.0,19369432.5825,0.00013926111138673217,9.429809984771428e-06,6.771316048587728,0.0786,0.0802,0.09172
2.0,7.0,233.0159912,1.9986208,0.4334999999991851,69998.9335,0.00014781964423479321,7.200986707404915e-06,0.0,19369432.637500003,0.00013926111138673217,8.558532848061039e-06,6.145673234140537,0.0786,0.0802,0.09172
2.0,7.0,234.0267944,1.998087075,0.4334999999991851,69998.9335,0.00014776822132735198,4.86528001682735e-06,0.0,19369432.9825,0.00013926111138673217,8.507109940619805e-06,6.108747701284181,0.0786,0.0802,0.09172
2.0,7.0,234.9843903,1.99922105,0.4334999999991851,69998.9335,0.0001472294198690091,6.85940317498294e-06,0.0,19369432.985,0.00013926111138673217,7.96830848227693e-06,5.721847544465378,0.0786,0.0802,0.09172
2.0,7.0,235.9951935,1.9996170000000002,0.4334999999991851,69998.9335,0.000146829331933626,6.052638118444505e-06,0.0,19369432.9175,0.00013926111138673217,7.5682205468938235e-06,5.434554177782378,0.0786,0.0802,0.09172
2.0,7.0,237.0059967,2.000086075,0.4334999999991851,69998.9335,0.0001464146329517505,7.6190511567115245e-06,0.0,19369438.927500002,0.00013926111138673217,7.153521565018338e-06,5.136768975764382,0.0786,0.0802,0.09172
2.0,7.0,238.0167999,1.999209475,0.4334999999991851,69998.9335,0.00014590763437982176,6.987454828106265e-06,0.0,19369444.755,0.00013926111138673217,6.646522993089581e-06,4.772705694292495,0.0786,0.0802,0.09172
2.0,7.0,239.0276031,1.9980569,0.4334999999991851,69998.9335,0.00014509684345920048,6.801931214363815e-06,0.0,19369444.45,0.00013926111138673217,5.835732072468307e-06,4.190496553098954,0.0786,0.0802,0.09172
2.0,7.0,239.985199,1.9982029,0.4334999999991851,69998.9335,0.00014456035941859188,6.427124770430979e-06,0.0,19369444.41,0.00013926111138673217,5.299248031859704e-06,3.805260477308369,0.0786,0.0802,0.09172
2.0,7.0,240.9960022,1.9987591249999999,0.4334999999991851,69998.9335,0.00014411084739753458,7.32381377585389e-06,0.0,19369444.3325,0.00013926111138673217,4.849736010802401e-06,3.4824768828208925,0.0786,0.0802,0.09172
2.0,7.0,242.0067902,1.998941675,0.4334999999991851,69998.9335,0.00014354310302836393,7.021421812647615e-06,0.0,19369444.1925,0.00013926111138673217,4.28199164163176e-06,3.0747935292147313,0.0786,0.0802,0.09172
2.0,7.0,243.0175934,1.9980979749999999,0.4334999999991851,69998.9335,0.00014257776032849796,6.84955701952507e-06,0.0,19369444.335,0.00013926111138673217,3.3166489417657823e-06,2.381604533196171,0.0786,0.0802,0.09172
2.0,7.0,244.0283966,1.9983507,0.4334999999991851,69998.9335,0.00014200339117664433,7.112588620128755e-06,0.0,19369444.490000002,0.00013926111138673217,2.742279789912154e-06,1.9691640850809835,0.0786,0.0802,0.09172
2.0,7.0,244.9859924,1.99891705,0.4334999999991851,69998.9335,0.0001413537752632287,6.70803096181219e-06,0.0,19369444.42,0.00013926111138673217,2.0926638764965342e-06,1.5026907768135969,0.0786,0.0802,0.09172
2.0,7.0,245.9967957,1.99905725,0.4334999999991851,69998.9335,0.00014055128913211662,8.167651787206985e-06,0.0,19369444.3225,0.00013926111138673217,1.290177745384447e-06,0.9264451019650316,0.0786,0.0802,0.09172
2.0,7.0,247.0075989,1.9991332000000002,0.4334999999991851,69998.9335,0.00013970012804065033,8.024392883737755e-06,0.0,19369444.3625,0.00013926111138673217,4.3901665391815376e-07,0.3152471278927192,0.0786,0.0802,0.09172
2.0,7.0,248.0184021,1.998645925,0.4334999999991851,69998.9335,0.00013897046095380736,7.983337299781755e-06,0.0,19369444.11,0.00013926111138673217,-2.906504329248179e-07,-0.2087089712487452,0.0786,0.0802,0.09172
2.0,7.0,249.0291901,1.99880115,0.4334999999991851,69998.9335,0.0001379685282408175,8.043610679175564e-06,0.0,19369444.225,0.00013926111138673217,-1.2925831459146815e-06,-0.9281723612883861,0.0786,0.0802,0.09172
2.0,7.0,249.9868011,1.9983233249999999,0.4334999999991851,69998.9335,0.0001373408733646939,7.9566929801544e-06,0.0,19369444.377499998,0.00013926111138673217,-1.920238022038286e-06,-1.378875985490112,0.0786,0.0802,0.09172
2.0,7.0,250.9975891,1.999414475,0.4334999999991851,69998.9335,0.0001362420236095868,6.936693788274635e-06,0.0,19369444.33,0.00013926111138673217,-3.019087777145381e-06,-2.1679331344421673,0.0786,0.0802,0.09172
2.0,7.0,252.0083923,1.998421625,0.4334999999991851,69998.9335,0.00013506404602146193,6.14350038076036e-06,0.0,19369444.292499997,0.00013926111138673217,-4.197065365270245e-06,-3.0138100460902337,0.0786,0.0802,0.09172
2.0,7.0,253.0191956,1.99911435,0.4334999999991851,69998.9335,0.00013461232027551744,7.851304421600785e-06,0.0,19369444.302500002,0.00013926111138673217,-4.648791111214732e-06,-3.338183262307094,0.0786,0.0802,0.09172
2.0,7.0,253.9767914,1.998506275,0.4334999999991851,69998.9335,0.00013341158429263565,8.769948097103945e-06,0.0,19369444.2125,0.00013926111138673217,-5.8495270940965235e-06,-4.200402420925836,0.0786,0.0802,0.09172
2.0,7.0,254.9875946,1.9994165,0.4334999999991851,69998.9335,0.00013276620935546128,7.205765084348085e-06,0.0,19369444.3525,0.00013926111138673217,-6.494902031270894e-06,-4.663830387820446,0.0786,0.0802,0.09172
2.0,7.0,255.9983978,1.99758425,0.4334999999991851,69998.9335,0.0001316782688652587,7.92849989658318e-06,0.0,19369444.095,0.00013926111138673217,-7.582842521473469e-06,-5.445053860309712,0.0786,0.0802,0.09172
2.0,7.0,257.0091858,1.998801375,0.4334999999991851,69998.9335,0.00013097855835268979,7.610864604448185e-06,0.0,19369444.1325,0.00013926111138673217,-8.282553034042389e-06,-5.947498875720945,0.0786,0.0802,0.09172
2.0,7.0,258.019989,1.99855005,0.4334999999991851,69998.9335,0.0001298925920389026,7.733502532134224e-06,0.0,19369444.177500002,0.00013926111138673217,-9.368519347829576e-06,-6.727304740382922,0.0786,0.0802,0.09172
2.0,7.0,258.9776001,1.99932675,0.4334999999991851,69998.9335,0.00012923693292938643,7.1463427312146455e-06,0.0,19369444.1975,0.00013926111138673217,-1.002417845734574e-05,-7.198117520050737,0.0786,0.0802,0.09172
2.0,7.0,259.9884033,1.9987616250000002,0.4334999999991851,69998.9335,0.00012863112702651022,4.852335993029265e-06,0.0,19369444.1025,0.00013926111138673217,-1.0629984360221951e-05,-7.633131930637961,0.0786,0.0802,0.09172
2.0,7.0,260.9992065,1.9986246250000002,0.4334999999991851,69998.9335,0.00012857149635996736,6.320365636973385e-06,0.0,19369444.0475,0.00013926111138673217,-1.068961502676482e-05,-7.675951254675432,0.0786,0.0802,0.09172
2.0,7.0,262.0100098,1.998101925,0.4334999999991851,69998.9335,0.0001269397798131103,4.911195094343945e-06,0.0,19369443.6125,0.00013926111138673217,-1.2321331573621864e-05,-8.847647021432397,0.0786,0.0802,0.09172
2.0,7.0,263.0207825,1.999064725,0.4334999999991851,69998.9335,0.0001265711332608195,6.3744914024057005e-06,0.0,19369443.545,0.00013926111138673217,-1.2689978125912676e-05,-9.112363099467329,0.0786,0.0802,0.09172
2.0,7.0,263.9783936,1.9978175,0.4334999999991851,69998.9335,0.00012680950509655315,7.159399296902005e-06,0.0,19369443.5475,0.00013926111138673217,-1.2451606290179025e-05,-8.941194110967958,0.0786,0.0802,0.09172
2.0,7.0,264.9891968,1.997686475,0.4334999999991851,69998.9335,0.00012631301577413677,7.767873682807784e-06,0.0,19369443.6125,0.00013926111138673217,-1.2948095612595409e-05,-9.297710957252214,0.0786,0.0802,0.09172
2.0,7.0,266.0,1.9979567249999999,0.4334999999991851,69998.9335,0.0001258173131575276,6.674441979816325e-06,0.0,19369444.14,0.00013926111138673217,-1.3443798229204577e-05,-9.653662889326482,0.0786,0.0802,0.09172
2.0,7.0,267.0108032,1.9978972000000002,0.4334999999991851,69998.9335,0.00012566818067417333,6.713714914210884e-06,0.0,19369444.2075,0.00013926111138673217,-1.3592930712558849e-05,-9.76075128024139,0.0786,0.0802,0.09172
2.0,7.0,268.0216064,1.9979229250000001,0.4334999999991851,69998.9335,0.00012542440763576126,6.181169337464835e-06,0.0,19369444.189999998,0.00013926111138673217,-1.3836703750970918e-05,-9.935798740357592,0.0786,0.0802,0.09172
2.0,7.0,268.979187,1.9985867750000001,0.4334999999991851,69998.9335,0.0001254350291546537,7.260538142404795e-06,0.0,19369444.195,0.00013926111138673217,-1.3826082232078473e-05,-9.928171687272435,0.0786,0.0802,0.09172
2.0,7.0,269.9899902,1.998565975,0.4334999999991851,69998.9335,0.00012577141682087865,8.116257487285555e-06,0.0,19369444.215,0.00013926111138673217,-1.3489694565853527e-05,-9.686619926787927,0.0786,0.0802,0.09172
2.0,7.0,271.0007935,1.998001525,0.4334999999991851,69998.9335,0.00012544829021034123,6.581700944491115e-06,0.0,19369444.1175,0.00013926111138673217,-1.3812821176390947e-05,-9.918649247335345,0.0786,0.0802,0.09172
2.0,7.0,272.0115967,1.99888805,0.4334999999991851,69998.9335,0.00012563122234491642,7.460915575115345e-06,0.0,19369444.1,0.00013926111138673217,-1.3629889041815753e-05,-9.787290153074503,0.0786,0.0802,0.09172
2.0,7.0,273.0223999,1.9989250749999998,0.4334999999991851,69998.9335,0.00012583711270748094,7.255476674785155e-06,0.0,19369443.94,0.00013926111138673217,-1.3423998679251231e-05,-9.639445316483505,0.0786,0.0802,0.09172
2.0,7.0,273.9799805,1.99899765,0.4334999999991851,69998.9335,0.00012605290612477583,6.879116728970685e-06,0.0,19369443.8625,0.00013926111138673217,-1.3208205261956344e-05,-9.484489338360062,0.0786,0.0802,0.09172
2.0,7.0,274.9907837,1.9995924999999999,0.4334999999991851,69998.9335,0.00012628612333205237,7.567895515324545e-06,0.0,19369450.1175,0.00013926111138673217,-1.297498805467981e-05,-9.317021762556447,0.0786,0.0802,0.09172
2.0,7.0,276.0015869,1.9998455499999999,0.4334999999991851,69998.9335,0.00012707303139890486,5.01745779216839e-06,0.0,19369456.0325,0.00013926111138673217,-1.2188079987827315e-05,-8.75196231486381,0.0786,0.0802,0.09172
2.0,7.0,277.0123901,1.9983611,0.4334999999991851,69998.9335,0.00012801477975921447,6.132198643998185e-06,0.0,19369456.035,0.00013926111138673217,-1.1246331627517704e-05,-8.07571583734264,0.0786,0.0802,0.09172
2.0,7.0,278.0231934,1.99819265,0.4334999999991851,69998.9335,0.00012849362664657952,7.282233955209135e-06,0.0,19369456.384999998,0.00013926111138673217,-1.0767484740152654e-05,-7.731867592418556,0.0786,0.0802,0.09172
2.0,7.0,278.9808044,1.99838115,0.4334999999991851,69998.9335,0.00012886447797111908,6.717233774389846e-06,0.0,19369456.525,0.00013926111138673217,-1.0396633415613092e-05,-7.465568321325067,0.0786,0.0802,0.09172
2.0,7.0,279.9916077,1.9981075499999998,0.4334999999991851,69998.9335,0.0001296323841736397,7.573917611026339e-06,0.0,19369456.0675,0.00013926111138673217,-9.628727213092475e-06,-6.91415364792919,0.0786,0.0802,0.09172
2.0,7.0,281.0023804,1.998383875,0.4334999999991851,69998.9335,0.00013036719831907768,7.410006236836055e-06,0.0,19369456.03,0.00013926111138673217,-8.893913067654495e-06,-6.386501571824915,0.0786,0.0802,0.09172
2.0,7.0,282.0131836,1.9986022,0.4334999999991851,69998.9335,0.000130932020797599,7.45543210375052e-06,0.0,19369456.052500002,0.00013926111138673217,-8.32909058913318e-06,-5.980916356471587,0.0786,0.0802,0.09172
2.0,7.0,283.0239868,1.9978761999999999,0.4334999999991851,69998.9335,0.00013199273544298317,6.52359901324025e-06,0.0,19369456.025,0.00013926111138673217,-7.2683759437490035e-06,-5.219243097640167,0.0786,0.0802,0.09172
2.0,7.0,283.9815979,1.9979163500000001,0.4334999999991851,69998.9335,0.00013236668736079892,7.131574353678145e-06,0.0,19369456.0225,0.00013926111138673217,-6.894424025933254e-06,-4.950717366305685,0.0786,0.0802,0.09172
2.0,7.0,284.9924011,1.998689625,0.4334999999991851,69998.9335,0.00013317558236223596,6.073400945326671e-06,0.0,19369456.055,0.00013926111138673217,-6.085529024496214e-06,-4.369869638334654,0.0786,0.0802,0.09172
2.0,7.0,286.0032043,1.9974442,0.4334999999991851,69998.9335,0.00013387792000997602,7.5847686971885445e-06,0.0,19369455.93,0.00013926111138673217,-5.383191376756157e-06,-3.8655381413744987,0.0786,0.0802,0.09172
2.0,7.0,287.0140076,1.99763835,0.4334999999991851,69998.9335,0.00013501827226362504,7.362375285609475e-06,0.0,19369456.5275,0.00013926111138673217,-4.242839123107131e-06,-3.0466790627030416,0.0786,0.0802,0.09172
2.0,7.0,288.0247803,1.99827645,0.4334999999991851,69998.9335,0.00013554537818792967,7.22354963174494e-06,0.0,19369456.725,0.00013926111138673217,-3.715733198802508e-06,-2.668177182992464,0.0786,0.0802,0.09172
2.0,7.0,288.9823914,1.996958625,0.4334999999991851,69998.9335,0.00013646855511796995,7.259043039633805e-06,0.0,19369456.759999998,0.00013926111138673217,-2.7925562687622233e-06,-2.0052663955892274,0.0786,0.0802,0.09172
2.0,7.0,289.9931946,1.9971112500000001,0.4334999999991851,69998.9335,0.00013679906131246178,7.161283871641284e-06,0.0,19369456.8925,0.00013926111138673217,-2.462050074270391e-06,-1.7679379761900693,0.0786,0.0802,0.09172
2.0,7.0,291.0039978,1.9985727500000001,0.4334999999991851,69998.9335,0.00013805523564682155,6.75675943853514e-06,0.0,19369456.942500003,0.00013926111138673217,-1.2058757399106281e-06,-0.8659098925053642,0.0786,0.0802,0.09172
2.0,7.0,292.014801,1.998712225,0.4334999999991851,69998.9335,0.00013850128070757922,6.324884768695005e-06,0.0,19369462.945,0.00013926111138673217,-7.598306791529563e-07,-0.5456158374629686,0.0786,0.0802,0.09172
2.0,7.0,293.0256042,1.998573,0.4334999999991851,69998.9335,0.00013931603727539637,7.221038390372335e-06,0.0,19369469.07,0.00013926111138673217,5.492588866419664e-08,0.0394409380459889,0.0786,0.0802,0.09172
2.0,7.0,293.9831848,1.997199975,0.4334999999991851,69998.9335,0.00013956845149261583,7.86167725133774e-06,0.0,19369468.7675,0.00013926111138673217,3.073401058836507e-07,0.22069341743953075,0.0786,0.0802,0.09172
2.0,7.0,294.993988,1.9976954500000002,0.4334999999991851,69998.9335,0.0001409306021287775,6.9464733785156695e-06,0.0,19369468.645,0.00013926111138673217,1.6694907420453217e-06,1.1988204929724402,0.0786,0.0802,0.09172
2.0,7.0,296.0047913,1.997558175,0.4334999999991851,69998.9335,0.0001413497903218463,5.832026472656166e-06,0.0,19369468.61,0.00013926111138673217,2.088678935114127e-06,1.4998292878144601,0.0786,0.0802,0.09172
2.0,7.0,297.0155945,1.9969934500000002,0.4334999999991851,69998.9335,0.0001427098902265159,7.29396952122844e-06,0.0,19369468.6375,0.00013926111138673217,3.448778839783734e-06,2.476483783190825,0.0786,0.0802,0.09172
2.0,7.0,298.0263977,1.997945025,0.4334999999991851,69998.9335,0.00014308176942714963,7.214727669347056e-06,0.0,19369468.630000003,0.00013926111138673217,3.8206580404174584e-06,2.743521146982218,0.0786,0.0802,0.09172
2.0,7.0,298.9840088,1.99641985,0.4334999999991851,69998.9335,0.000144548161184161,8.082643011260826e-06,0.0,19369468.090000004,0.00013926111138673217,5.287049797428827e-06,3.7965012233361657,0.0786,0.0802,0.09172
2.0,7.0,299.9947815,1.9967123,0.4334999999991851,69998.9335,0.00014641462671783294,7.72677217777217e-06,0.0,19369468.0475,0.00013926111138673217,7.153515331100767e-06,5.136764499340556,0.0786,0.0802,0.09172
2.0,7.0,301.0055847,1.9980485,0.4334999999991851,69998.9335,0.00014698858594336492,7.60019378539385e-06,0.0,19369467.9775,0.00013926111138673217,7.727474556632749e-06,5.5489105893843735,0.0786,0.0802,0.09172
2.0,7.0,302.0163879,1.997661,0.4334999999991851,69998.9335,0.00014762085425703723,7.623368072494805e-06,0.0,19369467.854999997,0.00013926111138673217,8.359742870305058e-06,6.002927010319347,0.0786,0.0802,0.09172
2.0,7.0,303.0271912,1.9971282750000001,0.4334999999991851,69998.9335,0.0001489370857514776,5.993939458522365e-06,0.0,19369467.810000002,0.00013926111138673217,9.675974364745414e-06,6.948080672625792,0.0786,0.0802,0.09172
2.0,7.0,303.9848022,1.997062675,0.4334999999991851,69998.9335,0.00014977559399442016,7.174058397832861e-06,0.0,19369467.880000003,0.00013926111138673217,1.0514482607687986e-05,7.5501929454583765,0.0786,0.0802,0.09172
2.0,7.0,304.9956055,1.9971868,0.4334999999991851,69998.9335,0.0001506255465377946,5.79451910796592e-06,0.0,19369467.7975,0.00013926111138673217,1.1364435151062436e-05,8.160523090687583,0.0786,0.0802,0.09172
2.0,7.0,306.0064087,1.997044325,0.4334999999991851,69998.9335,0.00015168837598664782,5.1713204768935496e-06,0.0,19369467.8925,0.00013926111138673217,1.2427264599915649e-05,8.923714938196042,0.0786,0.0802,0.09172
2.0,7.0,307.0171814,1.997424975,0.4334999999991851,69998.9335,0.00015226807695326944,4.81007620318549e-06,0.0,19369468.4025,0.00013926111138673217,1.3006965566537265e-05,9.339984032165694,0.0786,0.0802,0.09172
2.0,7.0,308.0279846,1.997309475,0.4334999999991851,69998.9335,0.00015310129963845722,2.8588479171564797e-06,0.0,19369468.445,0.00013926111138673217,1.3840188251725043e-05,9.938300875174287,0.0786,0.0802,0.09172
2.0,7.0,308.9855957,1.997498025,0.4334999999991851,69998.9335,0.00015344291479392133,5.67741275353019e-06,0.0,19369468.445,0.00013926111138673217,1.4181803407189157e-05,10.18360636790114,0.0786,0.0802,0.09172
2.0,7.0,309.9963989,1.997871475,0.4334999999991851,69998.9335,0.00015506850985930838,4.44586148436409e-06,0.0,19369468.6175,0.00013926111138673217,1.5807398472576203e-05,11.350906448447475,0.0786,0.0802,0.09172
2.0,7.0,311.0072021,1.99672355,0.4334999999991851,69998.9335,0.00015579124157983671,3.1926021933672747e-06,0.0,19369468.4875,0.00013926111138673217,1.653013019310454e-05,11.869882430565907,0.0786,0.0802,0.09172
2.0,7.0,312.0180054,1.9978688500000001,0.4334999999991851,69998.9335,0.00015653049324101375,3.616367280524585e-06,0.0,19369468.665,0.00013926111138673217,1.726938185428158e-05,12.400720978252142,0.0786,0.0802,0.09172
2.0,7.0,313.0288086,1.998384825,0.4334999999991851,69998.9335,0.00015705548900381446,6.33807828135347e-06,0.0,19369468.4775,0.00013926111138673217,1.7794377617082283e-05,12.777707602567364,0.0786,0.0802,0.09172
2.0,7.0,313.9863892,1.9968872,0.4334999999991851,69998.9335,0.00015750876774990241,6.377992053177069e-06,0.0,19369468.4375,0.00013926111138673217,1.824765636317024e-05,13.103195990225846,0.0786,0.0802,0.09172
2.0,7.0,314.9971924,1.996507425,0.4334999999991851,69998.9335,0.0001578742473713328,7.01842577308447e-06,0.0,19369468.4075,0.00013926111138673217,1.861313598460062e-05,13.36563797262209,0.0786,0.0802,0.09172
2.0,7.0,316.0079956,1.996848725,0.4334999999991851,69998.9335,0.000158036323349922,8.636307791988065e-06,0.0,19369469.0175,0.00013926111138673217,1.877521196318982e-05,13.4820207710755,0.0786,0.0802,0.09172
2.0,7.0,317.0187988,1.995871325,0.4334999999991851,69998.9335,0.0001578548033769679,5.914127292801905e-06,0.0,19369469.155,0.00013926111138673217,1.859369199023572e-05,13.351675715556006,0.0786,0.0802,0.09172
2.0,7.0,318.0296021,1.9953048500000001,0.4334999999991851,69998.9335,0.00015707570255137126,6.1257231168425395e-06,0.0,19369469.105,0.00013926111138673217,1.781459116463908e-05,12.792222456969657,0.0786,0.0802,0.09172
2.0,7.0,318.9871826,1.995851875,0.4334999999991851,69998.9335,0.00015700357311037276,7.547089556229139e-06,0.0,19369469.192500003,0.00013926111138673217,1.7742461723640584e-05,12.740428068514584,0.0786,0.0802,0.09172
2.0,7.0,319.9979858,1.996852675,0.4334999999991851,69998.9335,0.00015594624340365174,7.633901782576755e-06,0.0,19369469.0875,0.00013926111138673217,1.6685132016919566e-05,11.981185451396023,0.0786,0.0802,0.09172
2.0,7.0,321.0087891,1.9971130000000001,0.4334999999991851,69998.9335,0.0001546570266883257,5.930463000484485e-06,0.0,19369469.67,0.00013926111138673217,1.539591530159352e-05,11.055430441624594,0.0786,0.0802,0.09172
2.0,7.0,322.0195923,1.99703655,0.4334999999991851,69998.9335,0.00015356678820815413,6.35648027877591e-06,0.0,19369469.775,0.00013926111138673217,1.4305676821421953e-05,10.272556838710464,0.0786,0.0802,0.09172
2.0,7.0,323.0303955,1.9971557249999998,0.4334999999991851,69998.9335,0.0001518641169082591,5.265600696134235e-06,0.0,19369469.810000002,0.00013926111138673217,1.2603005521526922e-05,9.049910198208893,0.0786,0.0802,0.09172
2.0,7.0,323.9880066,1.9970295,0.4334999999991851,69998.9335,0.00015027708091722814,7.349945872064145e-06,0.0,19369469.740000002,0.00013926111138673217,1.1015969530495969e-05,7.910298446422921,0.0786,0.0802,0.09172
2.0,7.0,324.9987793,1.996334225,0.4334999999991851,69998.9335,0.0001485349552511699,8.843315986710545e-06,0.0,19369469.79,0.00013926111138673217,9.273843864437736e-06,6.659320589998741,0.0786,0.0802,0.09172
2.0,7.0,326.0095825,1.99645845,0.4334999999991851,69998.9335,0.00014679687578154037,7.8034359256598e-06,0.0,19369469.299999997,0.00013926111138673217,7.535764394808194e-06,5.411248208325119,0.0786,0.0802,0.09172
2.0,7.0,327.0203857,1.9966201749999999,0.4334999999991851,69998.9335,0.00014433460341987332,7.11089859026115e-06,0.0,19369469.380000003,0.00013926111138673217,5.073492033141143e-06,3.643150612989083,0.0786,0.0802,0.09172
2.0,7.0,327.9779968,1.9970563499999998,0.4334999999991851,69998.9335,0.00014267726563434467,7.80810482153079e-06,0.0,19369469.475,0.00013926111138673217,3.4161542476124948e-06,2.453056861025426,0.0786,0.0802,0.09172
2.0,7.0,328.9888,1.99767575,0.4334999999991851,69998.9335,0.0001407396312402851,6.06556542071306e-06,0.0,19369469.4425,0.00013926111138673217,1.478519853552934e-06,1.061688966022281,0.0786,0.0802,0.09172
2.0,7.0,329.9996033,1.9972051,0.4334999999991851,69998.9335,0.0001389154217450017,6.68747672954931e-06,0.0,19369469.442500003,0.00013926111138673217,-3.4568964173047946e-07,-0.24823128171833214,0.0786,0.0802,0.09172
2.0,7.0,331.0104065,1.9968667999999998,0.4334999999991851,69998.9335,0.0001375462060591334,6.867636095431294e-06,0.0,19369469.825,0.00013926111138673217,-1.7149053275987674e-06,-1.2314315967480867,0.0786,0.0802,0.09172
2.0,7.0,332.0211792,1.996453175,0.4334999999991851,69998.9335,0.00013568070696249321,6.602595433516575e-06,0.0,19369470.03,0.00013926111138673217,-3.5804044242389603e-06,-2.5710008979434846,0.0786,0.0802,0.09172
2.0,7.0,332.9787903,1.9971927250000001,0.4334999999991851,69998.9335,0.000133921412693909,5.657739222024041e-06,0.0,19369470.005,0.00013926111138673217,-5.339698692823173e-06,-3.8343071081737046,0.0786,0.0802,0.09172
2.0,7.0,333.9895935,1.9966194499999999,0.4334999999991851,69998.9335,0.0001327353196211803,6.48628553258599e-06,0.0,19369470.0975,0.00013926111138673217,-6.525791765551867e-06,-4.686011550941564,0.0786,0.0802,0.09172
2.0,7.0,335.0003967,1.9966318250000001,0.4334999999991851,69998.9335,0.000131107370813706,6.125089866007761e-06,0.0,19369469.98,0.00013926111138673217,-8.153740573026163e-06,-5.855001796146081,0.0786,0.0802,0.09172
2.0,7.0,336.0112,1.99784465,0.4334999999991851,69998.9335,0.0001298836187384986,5.994801255672135e-06,0.0,19369469.877499998,0.00013926111138673217,-9.37749264823357e-06,-6.7337482480604365,0.0786,0.0802,0.09172
2.0,7.0,337.0220032,1.99744375,0.4334999999991851,69998.9335,0.0001287286733599567,6.69199629844682e-06,0.0,19369469.47,0.00013926111138673217,-1.0532438026775469e-05,-7.563086293004355,0.0786,0.0802,0.09172
2.0,7.0,337.9795837,1.995774475,0.4334999999991851,69998.9335,0.0001275617604766312,6.02561817480502e-06,0.0,19369469.3525,0.00013926111138673217,-1.1699350910100969e-05,-8.401017910600705,0.0786,0.0802,0.09172
2.0,7.0,338.990387,1.996903275,0.4334999999991851,69998.9335,0.0001263728053101021,6.34973292350866e-06,0.0,19369469.5725,0.00013926111138673217,-1.2888306076630068e-05,-9.254777552965857,0.0786,0.0802,0.09172
2.0,7.0,340.0011902,1.99623365,0.4334999999991851,69998.9335,0.00012515101619874693,4.9558568075381005e-06,0.0,19369469.47,0.00013926111138673217,-1.4110095187985246e-05,-10.132114448520449,0.0786,0.0802,0.09172
2.0,7.0,341.0119934,1.9976212750000002,0.4334999999991851,69998.9335,0.00012447661620356345,5.41670983182326e-06,0.0,19369469.53,0.00013926111138673217,-1.478449518316872e-05,-10.616384600085334,0.0786,0.0802,0.09172
2.0,7.0,342.0227966,1.996737,0.4334999999991851,69998.9335,0.00012368438543322217,6.748137737719905e-06,0.0,19369469.439999998,0.00013926111138673217,-1.5576725953510008e-05,-11.18526615104556,0.0786,0.0802,0.09172
2.0,7.0,342.9804077,1.997925025,0.4334999999991851,69998.9335,0.00012324822071947014,7.719301863197555e-06,0.0,19369469.495,0.00013926111138673217,-1.601289066726204e-05,-11.49846537041757,0.0786,0.0802,0.09172
2.0,7.0,343.9911804,1.997647775,0.4334999999991851,69998.9335,0.00012270223409720254,8.256449205580014e-06,0.0,19369469.42,0.00013926111138673217,-1.6558877289529636e-05,-11.890525017817179,0.0786,0.0802,0.09172
2.0,7.0,345.0019836,1.997012975,0.4334999999991851,69998.9335,0.00012219291463997812,7.83053088857676e-06,0.0,19369469.4825,0.00013926111138673217,-1.7068196746754054e-05,-12.256254870288357,0.0786,0.0802,0.09172
2.0,7.0,346.0127869,1.9963144499999999,0.4334999999991851,69998.9335,0.00012181519033760086,7.931315802533344e-06,0.0,19369469.5275,0.00013926111138673217,-1.7445921049131312e-05,-12.527489458764606,0.0786,0.0802,0.09172
2.0,7.0,347.0235901,1.998253375,0.4334999999991851,69998.9335,0.00012152886364204937,8.4699446774615e-06,0.0,19369469.475,0.00013926111138673217,-1.77322477446828e-05,-12.733093659894635,0.0786,0.0802,0.09172
2.0,7.0,347.9812012,1.99692165,0.4334999999991851,69998.9335,0.00012135898901960597,8.11044776290727e-06,0.0,19369469.52,0.00013926111138673217,-1.7902122367126203e-05,-12.855076473870358,0.0786,0.0802,0.09172
2.0,7.0,348.9920044,1.997491475,0.4334999999991851,69998.9335,0.00012117855666954951,6.942559040647665e-06,0.0,19369469.5275,0.00013926111138673217,-1.8082554717182664e-05,-12.984640533972819,0.0786,0.0802,0.09172
2.0,7.0,350.0028076,1.9976876749999999,0.4334999999991851,69998.9335,0.00012119415116754452,7.463687179753919e-06,0.0,19369469.3775,0.00013926111138673217,-1.806696021918765e-05,-12.973442506153187,0.0786,0.0802,0.09172
2.0,7.0,351.0135803,1.99860625,0.4334999999991851,69998.9335,0.00012130055073853531,7.78853154379582e-06,0.0,19369469.4825,0.00013926111138673217,-1.7960560648196865e-05,-12.897039575046806,0.0786,0.0802,0.09172
2.0,7.0,352.0243835,1.9980048,0.4334999999991851,69998.9335,0.00012136714083767448,8.111513423747745e-06,0.0,19369469.4425,0.00013926111138673217,-1.7893970549057693e-05,-12.849222852577713,0.0786,0.0802,0.09172
2.0,7.0,352.9819946,1.996594175,0.4334999999991851,69998.9335,0.00012152132252932432,7.201194230607051e-06,0.0,19369469.5375,0.00013926111138673217,-1.773978885740785e-05,-12.738508748608174,0.0786,0.0802,0.09172
2.0,7.0,353.9927979,1.9984852000000002,0.4334999999991851,69998.9335,0.0001215176265625965,5.581328975004544e-06,0.0,19369469.5175,0.00013926111138673217,-1.7743484824135668e-05,-12.741162731971519,0.0786,0.0802,0.09172
2.0,7.0,355.0036011,1.998205775,0.4334999999991851,69998.9335,0.00012158758855731469,5.810107814347445e-06,0.0,19369469.4675,0.00013926111138673217,-1.7673522829417487e-05,-12.690924733709469,0.0786,0.0802,0.09172
2.0,7.0,356.0144043,1.996745625,0.4334999999991851,69998.9335,0.0001218376855634286,6.90683692573854e-06,0.0,19369469.655,0.00013926111138673217,-1.742342582330358e-05,-12.511336186969107,0.0786,0.0802,0.09172
2.0,7.0,357.0252075,1.998140325,0.4334999999991851,69998.9335,0.00012201639101878627,6.6489409570659705e-06,0.0,19369469.5625,0.00013926111138673217,-1.7244720367945904e-05,-12.383012167737776,0.0786,0.0802,0.09172
2.0,7.0,357.9827881,1.998410175,0.4334999999991851,69998.9335,0.000122148929025322,4.47028771414796e-06,0.0,19369469.61,0.00013926111138673217,-1.7112182361410188e-05,-12.287839864992286,0.0786,0.0802,0.09172
2.0,7.0,358.9935913,1.998737775,0.4334999999991851,69998.9335,0.00012241694526713285,6.887059436907045e-06,0.0,19369469.7125,0.00013926111138673217,-1.684416611959932e-05,-12.095383953114219,0.0786,0.0802,0.09172
2.0,7.0,360.0043945,1.999556925,0.4334999999991851,69998.9335,0.00012268950897108163,7.092409827337065e-06,0.0,19369469.7425,0.00013926111138673217,-1.657160241565054e-05,-11.899662619832695,0.0786,0.0802,0.09172
