freqs (cycles/rot),amps,mag (ohm-cm),phase,amp_ratio,ACT_str,ACT,T,H,geo
2,(-4.146795679164625e-08-5.890119290199158e-07j),5.904698501771586e-07,4.642102377526293,1.0,ACTRot11,11.0,10.0,0.5,perp
1,(-5.300892827666956e-07+2.1935381218763008e-07j),5.736817433258234e-07,4.642102377526293,0.9715682234303777,ACTRot11,11.0,10.0,0.5,perp
4,(3.0859026153524557e-08-4.1057698616269437e-07j),4.1173503744712477e-07,4.642102377526293,0.6973006959179913,ACTRot11,11.0,10.0,0.5,perp
3,(-2.460441393016157e-07+2.555198442179145e-07j),3.5472258072163965e-07,4.642102377526293,0.6007463050233848,ACTRot11,11.0,10.0,0.5,perp
6,(2.337859021094182e-07+1.5829525103220627e-07j),2.823353228422963e-07,4.642102377526293,0.4781536648443392,ACTRot11,11.0,10.0,0.5,perp
8,(-1.5317462282949907e-07-2.2199899144924494e-07j),2.6971469608354904e-07,4.642102377526293,0.4567797932487604,ACTRot11,11.0,10.0,0.5,perp
5,(9.40966867611852e-08-1.80050840786185e-07j),2.0315632337499306e-07,4.642102377526293,0.3440587581466523,ACTRot11,11.0,10.0,0.5,perp
9,(-9.1318847692793e-08-6.19524332718943e-08j),1.1035051396458488e-07,4.642102377526293,0.18688594164710767,ACTRot11,11.0,10.0,0.5,perp
7,(2.1786167603639794e-08+6.884963799050877e-08j),7.221433202819225e-08,4.642102377526293,0.12229977873811133,ACTRot11,11.0,10.0,0.5,perp
0,(4.593522430494535e-19+0j),4.593522430494535e-19,4.642102377526293,7.779436035754139e-13,ACTRot11,11.0,10.0,0.5,perp
2,(-2.9164023681739923e-06-1.1458747102601952e-06j),3.133437668871803e-06,3.5159694020996537,1.0,ACTRot11,11.0,10.0,3.0,perp
4,(-9.867979142726289e-07-1.2199544970071204e-07j),9.943103204535742e-07,3.5159694020996537,0.3173225146079183,ACTRot11,11.0,10.0,3.0,perp
3,(4.273661929930443e-07+1.0667881627445434e-07j),4.4047954862296027e-07,3.5159694020996537,0.14057389843709747,ACTRot11,11.0,10.0,3.0,perp
5,(-2.2634134208491267e-07-3.398323190974546e-07j),4.083092066558795e-07,3.5159694020996537,0.13030710989151145,ACTRot11,11.0,10.0,3.0,perp
1,(3.113151583923942e-07+1.342593126476956e-07j),3.390319909352407e-07,3.5159694020996537,0.1081980963921039,ACTRot11,11.0,10.0,3.0,perp
9,(2.0769321627292412e-07-2.2316632109349439e-07j),3.0486009734990944e-07,3.5159694020996537,0.09729253604705486,ACTRot11,11.0,10.0,3.0,perp
6,(-1.2679385048810337e-07-2.3608764451152864e-07j),2.679814478888444e-07,3.5159694020996537,0.08552314620808506,ACTRot11,11.0,10.0,3.0,perp
7,(-2.025294138243258e-07-9.839662163153847e-08j),2.2516673513759787e-07,3.5159694020996537,0.07185933116667655,ACTRot11,11.0,10.0,3.0,perp
8,(-1.1792539963370574e-07+8.375416484255702e-08j),1.4464148784924545e-07,3.5159694020996537,0.04616063988958292,ACTRot11,11.0,10.0,3.0,perp
0,(3.3847007382591314e-19+0j),3.3847007382591314e-19,3.5159694020996537,1.0801876711585573e-13,ACTRot11,11.0,10.0,3.0,perp
2,(-9.160424867711703e-06-4.024069972398183e-06j),1.0005324727351316e-05,5.8811204019614145,1.0,ACTRot11,11.0,10.0,7.0,perp
5,(3.629135024263345e-07-1.8722394883549946e-06j),1.9070885957393591e-06,5.8811204019614145,0.19060736634824021,ACTRot11,11.0,10.0,7.0,perp
1,(1.6615403360159868e-06-7.065357412216076e-07j),1.8055218198160014e-06,5.8811204019614145,0.18045609403163995,ACTRot11,11.0,10.0,7.0,perp
6,(1.0707917944820158e-06-1.3391499008658413e-06j),1.7146187693242508e-06,5.8811204019614145,0.17137062674608036,ACTRot11,11.0,10.0,7.0,perp
7,(1.5986090910822095e-06-5.281396319244844e-07j),1.6835921408999324e-06,5.8811204019614145,0.16826961510779725,ACTRot11,11.0,10.0,7.0,perp
8,(-1.0940793516168668e-06+1.3329518588300116e-07j),1.102169331007703e-06,5.8811204019614145,0.1101582768218136,ACTRot11,11.0,10.0,7.0,perp
3,(-6.635511979251142e-07+8.348872072652274e-07j),1.0664599575806796e-06,5.8811204019614145,0.10658923989396601,ACTRot11,11.0,10.0,7.0,perp
9,(-5.584659114187798e-07+3.5414926108146016e-07j),6.612910655236109e-07,5.8811204019614145,0.06609391334554643,ACTRot11,11.0,10.0,7.0,perp
4,(5.146510759990756e-07+1.65817781792868e-07j),5.407044172056609e-07,5.8811204019614145,0.054041666006856344,ACTRot11,11.0,10.0,7.0,perp
0,(3.626465076706212e-19+0j),3.626465076706212e-19,5.8811204019614145,3.6245351105822997e-14,ACTRot11,11.0,10.0,7.0,perp
2,(-7.536606712671138e-06+4.483238571917001e-06j),8.769257028631562e-06,4.854028516777919,1.0,ACTRot11,11.0,10.0,9.0,perp
4,(7.869234443888404e-07-5.518614764671075e-06j),5.574437857593749e-06,4.854028516777919,0.6356796065383018,ACTRot11,11.0,10.0,9.0,perp
1,(3.220764994941047e-06+3.857033735249719e-06j),5.0249414312499205e-06,4.854028516777919,0.5730179209987257,ACTRot11,11.0,10.0,9.0,perp
8,(-2.811133724493767e-06+2.892293995648592e-06j),4.033340721319127e-06,4.854028516777919,0.4599409856673488,ACTRot11,11.0,10.0,9.0,perp
3,(-2.980135691033103e-06+5.007530062463708e-07j),3.0219136834519493e-06,4.854028516777919,0.34460316006081504,ACTRot11,11.0,10.0,9.0,perp
5,(8.879530918853247e-07-2.716095686705077e-06j),2.8575577811702486e-06,4.854028516777919,0.3258608764505753,ACTRot11,11.0,10.0,9.0,perp
6,(2.3628751292026863e-06-4.445838901411167e-07j),2.4043364389322934e-06,4.854028516777919,0.2741778956965399,ACTRot11,11.0,10.0,9.0,perp
7,(1.7750882603154676e-06+1.2885091142897669e-06j),2.1934434274714248e-06,4.854028516777919,0.2501287646501691,ACTRot11,11.0,10.0,9.0,perp
9,(-1.2356830334759339e-06-9.97995883616894e-08j),1.2397066253987064e-06,4.854028516777919,0.14136963044315762,ACTRot11,11.0,10.0,9.0,perp
0,(7.454400435451658e-20+0j),7.454400435451658e-20,4.854028516777919,8.500606620507408e-15,ACTRot11,11.0,10.0,9.0,perp
2,(-3.147054539400082e-07-5.981554000903554e-07j),6.758915633419608e-07,5.076699124061635,1.0,ACTRot11,11.0,15.0,0.5,perp
3,(2.3308741771109965e-07+7.328276271421914e-09j),2.3320258988342934e-07,5.076699124061635,0.3450295913302335,ACTRot11,11.0,15.0,0.5,perp
5,(-2.0655348259484626e-07-5.9007602433391005e-08j),2.1481675520544617e-07,5.076699124061635,0.31782724752958885,ACTRot11,11.0,15.0,0.5,perp
9,(2.8931095035570818e-08+1.6129943392991515e-07j),1.6387347450416828e-07,5.076699124061635,0.24245527447315995,ACTRot11,11.0,15.0,0.5,perp
6,(-1.313351024594109e-07+3.504504048319585e-08j),1.3593036452718282e-07,5.076699124061635,0.20111268123406087,ACTRot11,11.0,15.0,0.5,perp
7,(1.093393045975476e-08-1.163201930057296e-07j),1.1683294970250874e-07,5.076699124061635,0.17285753520109887,ACTRot11,11.0,15.0,0.5,perp
4,(1.4095096156259982e-08+8.002214127360563e-08j),8.125401423724931e-08,5.076699124061635,0.12021752991779783,ACTRot11,11.0,15.0,0.5,perp
1,(2.1154742639452135e-08-5.54759643126333e-08j),5.9372601025708966e-08,5.076699124061635,0.08784338234988438,ACTRot11,11.0,15.0,0.5,perp
8,(2.815469615479962e-08-1.1141558786759791e-08j),3.027905625622953e-08,5.076699124061635,0.0447986894621292,ACTRot11,11.0,15.0,0.5,perp
0,(3.223524512627744e-19+0j),3.223524512627744e-19,5.076699124061635,4.76929242420035e-13,ACTRot11,11.0,15.0,0.5,perp
2,(-1.9078839553690695e-06-8.945949619637777e-07j),2.107206998167408e-06,3.5800471040009745,1.0,ACTRot11,11.0,15.0,3.0,perp
4,(-5.420766663027946e-07-2.4280776774173323e-08j),5.426201878576842e-07,3.5800471040009745,0.2575068269655469,ACTRot11,11.0,15.0,3.0,perp
6,(-2.327906806687326e-07+4.978454955758973e-08j),2.3805462058289046e-07,3.5800471040009745,0.11297163534001232,ACTRot11,11.0,15.0,3.0,perp
1,(-2.1708351813363365e-07+6.214299150855613e-08j),2.258030230951484e-07,3.5800471040009745,0.10715749486952367,ACTRot11,11.0,15.0,3.0,perp
3,(-2.1364292771991768e-07-4.612216875408029e-08j),2.1856476160469654e-07,3.5800471040009745,0.10372249228233274,ACTRot11,11.0,15.0,3.0,perp
8,(2.6421435439364025e-08-1.7830903022514121e-07j),1.8025593613112107e-07,3.5800471040009745,0.0855425861284087,ACTRot11,11.0,15.0,3.0,perp
9,(1.3576888543223182e-07-1.0085450769621443e-07j),1.6912960111747517e-07,3.5800471040009745,0.08026245227192369,ACTRot11,11.0,15.0,3.0,perp
5,(-7.408433882497715e-08-4.58617462909393e-09j),7.422615615039324e-08,3.5800471040009745,0.035224900171148876,ACTRot11,11.0,15.0,3.0,perp
7,(3.3654681763412703e-08-4.172444032554625e-08j),5.36056575845932e-08,3.5800471040009745,0.025439198726661817,ACTRot11,11.0,15.0,3.0,perp
0,(1.1201747681381411e-18+0j),1.1201747681381411e-18,3.5800471040009745,5.315921829760117e-13,ACTRot11,11.0,15.0,3.0,perp
2,(-1.1192149278997855e-05-1.02455170227579e-06j),1.123894619944452e-05,3.2328802238060197,1.0,ACTRot11,11.0,15.0,7.0,perp
1,(1.5517759722120877e-06+5.376785489334147e-07j),1.6422870911987076e-06,3.2328802238060197,0.1461246510175373,ACTRot11,11.0,15.0,7.0,perp
4,(-1.358843103904723e-06-2.8161129924473296e-07j),1.3877173721229148e-06,3.2328802238060197,0.12347397589566735,ACTRot11,11.0,15.0,7.0,perp
5,(-8.372443410856973e-07-6.416248357678418e-07j),1.054827244886163e-06,3.2328802238060197,0.09385463958696567,ACTRot11,11.0,15.0,7.0,perp
3,(-8.591407968551928e-07+5.849490247120397e-07j),1.0393691694160175e-06,3.2328802238060197,0.09247923701844821,ACTRot11,11.0,15.0,7.0,perp
7,(4.975803309242607e-07-7.904205322926973e-07j),9.339972181931635e-07,3.2328802238060197,0.08310362925656908,ACTRot11,11.0,15.0,7.0,perp
6,(3.4592446690704975e-07-5.420529252127881e-07j),6.4302807911993e-07,3.2328802238060197,0.05721426793125066,ACTRot11,11.0,15.0,7.0,perp
8,(4.499582228998036e-07-3.678151465968197e-07j),5.811629585763269e-07,3.2328802238060197,0.051709737573532526,ACTRot11,11.0,15.0,7.0,perp
9,(4.2877240368569506e-07+3.030641987661764e-07j),5.250654080552185e-07,3.2328802238060197,0.046718384334037445,ACTRot11,11.0,15.0,7.0,perp
0,(-2.4579374408786547e-19+0j),2.4579374408786547e-19,3.2328802238060197,2.1869821220428452e-14,ACTRot11,11.0,15.0,7.0,perp
2,(-1.1957178784412875e-05-1.0425476211950272e-06j),1.200254264832551e-05,3.22856281351968,1.0,ACTRot11,11.0,15.0,9.0,perp
1,(2.370553055596108e-06+1.0306526807465708e-06j),2.584911359742562e-06,3.22856281351968,0.21536364714381465,ACTRot11,11.0,15.0,9.0,perp
6,(1.9312989146317986e-06-1.7058726457821994e-06j),2.57680363654003e-06,3.22856281351968,0.2146881466736153,ACTRot11,11.0,15.0,9.0,perp
5,(-4.873306604603841e-07-2.3761105515367417e-06j),2.4255705567451536e-06,3.22856281351968,0.20208805982318653,ACTRot11,11.0,15.0,9.0,perp
3,(-1.4458505366444048e-06+5.513134388907709e-07j),1.547394675645642e-06,3.22856281351968,0.12892223931081145,ACTRot11,11.0,15.0,9.0,perp
7,(1.4159410039374713e-06-3.610420638462304e-07j),1.461246145759776e-06,3.22856281351968,0.1217447159801291,ACTRot11,11.0,15.0,9.0,perp
4,(4.73031110077539e-07-1.0283738217073043e-06j),1.1319501527338009e-06,3.22856281351968,0.09430919646777683,ACTRot11,11.0,15.0,9.0,perp
8,(6.391996256139747e-07+4.369562570657929e-07j),7.74278329784576e-07,3.22856281351968,0.0645095253956541,ACTRot11,11.0,15.0,9.0,perp
9,(-2.1301586676540186e-07+6.637699256738781e-07j),6.971128127662847e-07,3.22856281351968,0.058080427888630735,ACTRot11,11.0,15.0,9.0,perp
0,(4.875580825349463e-19+0j),4.875580825349463e-19,3.22856281351968,4.062123308538847e-14,ACTRot11,11.0,15.0,9.0,perp
2,(-1.6048630648738076e-06-4.450811127422622e-06j),4.7313111448080835e-06,4.366322108729278,1.0,ACTRot11,11.0,1.9,0.5,perp
6,(-3.9437444634974884e-07-5.829251641609258e-07j),7.037989421317093e-07,4.366322108729278,0.14875346824400354,ACTRot11,11.0,1.9,0.5,perp
8,(-5.653016040482327e-07-3.596358097147305e-07j),6.700028501198146e-07,4.366322108729278,0.14161039712111176,ACTRot11,11.0,1.9,0.5,perp
4,(-4.850621715674889e-07-4.310927235236257e-07j),6.489424061970255e-07,4.366322108729278,0.13715910586627644,ACTRot11,11.0,1.9,0.5,perp
1,(-4.279827454714509e-07+3.0939971557610965e-07j),5.281073890979545e-07,4.366322108729278,0.11161967009450953,ACTRot11,11.0,1.9,0.5,perp
3,(1.477977003155313e-07-2.2538621171799637e-07j),2.695238480193341e-07,4.366322108729278,0.056965995211516955,ACTRot11,11.0,1.9,0.5,perp
7,(-2.413281389017117e-08-1.154673317427479e-07j),1.1796227111262072e-07,4.366322108729278,0.024932258205437815,ACTRot11,11.0,1.9,0.5,perp
9,(1.357645335732571e-08+1.1010053070710128e-07j),1.109344263416411e-07,4.366322108729278,0.02344686767501547,ACTRot11,11.0,1.9,0.5,perp
5,(8.046747863748499e-08+5.693640681949554e-09j),8.06686597290996e-08,4.366322108729278,0.017049958723940942,ACTRot11,11.0,1.9,0.5,perp
0,(-2.425189070033365e-20+0j),2.425189070033365e-20,4.366322108729278,5.125828751919333e-15,ACTRot11,11.0,1.9,0.5,perp
4,(-6.800193215501941e-05-2.6941579986241906e-05j),7.314445644729977e-05,5.319104513252129,1.0,ACTRot11,11.0,1.9,3.0,perp
2,(1.9450567982557794e-06-2.8025093163648063e-06j),3.411349354251563e-06,5.319104513252129,0.04663852217849788,ACTRot11,11.0,1.9,3.0,perp
3,(1.558157739271492e-06-2.929123626005038e-07j),1.5854504699346038e-06,5.319104513252129,0.02167560669586646,ACTRot11,11.0,1.9,3.0,perp
5,(-6.098595312228816e-07-1.1850639453653006e-06j),1.3327810031765028e-06,5.319104513252129,0.018221216861960893,ACTRot11,11.0,1.9,3.0,perp
1,(1.2314977533179507e-06+1.5883126099137283e-07j),1.2416980655116083e-06,5.319104513252129,0.01697596955151681,ACTRot11,11.0,1.9,3.0,perp
8,(-7.928731216679969e-07-7.208226239552401e-07j),1.0715563644854487e-06,5.319104513252129,0.014649864344230924,ACTRot11,11.0,1.9,3.0,perp
6,(-7.091111794908994e-07-5.028580121751072e-07j),8.693128581170733e-07,5.319104513252129,0.011884876863408084,ACTRot11,11.0,1.9,3.0,perp
7,(-3.6313115030802987e-07-2.0823504038044035e-07j),4.1860012466108585e-07,5.319104513252129,0.005722923444822988,ACTRot11,11.0,1.9,3.0,perp
9,(-1.1553381450556712e-07-2.479871471664314e-07j),2.7357939881129957e-07,5.319104513252129,0.003740261560469893,ACTRot11,11.0,1.9,3.0,perp
0,(3.602119059902498e-19+0j),3.602119059902498e-19,5.319104513252129,4.9246644720065796e-15,ACTRot11,11.0,1.9,3.0,perp
4,(-6.115557496651795e-05-2.359074324239355e-05j),6.55479024547234e-05,4.788218127885284,1.0,ACTRot11,11.0,1.9,7.0,perp
8,(3.947197733466447e-06+3.244797250760775e-06j),5.109704408831037e-06,4.788218127885284,0.07795374401736985,ACTRot11,11.0,1.9,7.0,perp
5,(-4.818169296173748e-07-1.7032565356259222e-06j),1.770093325171962e-06,4.788218127885284,0.027004576178385527,ACTRot11,11.0,1.9,7.0,perp
3,(1.4462390628637774e-06-7.466579067327171e-07j),1.6276072796100354e-06,4.788218127885284,0.024830806458441438,ACTRot11,11.0,1.9,7.0,perp
6,(-1.4552795106136913e-06+6.243993654268963e-08j),1.4566184125183507e-06,4.788218127885284,0.022222197171366333,ACTRot11,11.0,1.9,7.0,perp
1,(9.20152759907429e-07+2.1705006709213088e-07j),9.454056447842678e-07,4.788218127885284,0.01442312582675392,ACTRot11,11.0,1.9,7.0,perp
7,(-5.004030231355116e-07-2.8289909183886364e-07j),5.748348299524074e-07,4.788218127885284,0.008769690690704697,ACTRot11,11.0,1.9,7.0,perp
9,(-2.1189281453153745e-08+5.308506498504453e-07j),5.312733741635666e-07,4.788218127885284,0.008105116323600723,ACTRot11,11.0,1.9,7.0,perp
2,(2.4846927092542923e-08-3.270415911735792e-07j),3.279841034917525e-07,4.788218127885284,0.005003731488102223,ACTRot11,11.0,1.9,7.0,perp
0,(-7.453889935837843e-20+0j),7.453889935837843e-20,4.788218127885284,1.1371668133830135e-15,ACTRot11,11.0,1.9,7.0,perp
4,(-3.714594057858757e-05-1.3938039376455729e-05j),3.967480111012012e-05,6.23481714587339,1.0,ACTRot11,11.0,1.9,9.0,perp
8,(1.7635629747121295e-06+1.3386683607637592e-06j),2.21408837806566e-06,6.23481714587339,0.05580590995075958,ACTRot11,11.0,1.9,9.0,perp
6,(-9.377912892746947e-07+6.888792643941364e-07j),1.1636181259982592e-06,6.23481714587339,0.029328896262606523,ACTRot11,11.0,1.9,9.0,perp
3,(1.0711624593956039e-06-3.088458240560281e-07j),1.1147980792301742e-06,6.23481714587339,0.02809839112075133,ACTRot11,11.0,1.9,9.0,perp
2,(-9.69224970165896e-07-2.4946609367705867e-07j),1.0008148553491665e-06,6.23481714587339,0.025225453621590604,ACTRot11,11.0,1.9,9.0,perp
5,(-3.423571075315323e-07-8.363304788972859e-07j),9.036907983430621e-07,6.23481714587339,0.02277744999489239,ACTRot11,11.0,1.9,9.0,perp
1,(7.135641228875087e-07-3.454072456703115e-08j),7.143996214485525e-07,6.23481714587339,0.018006381921504472,ACTRot11,11.0,1.9,9.0,perp
7,(-4.952932210449055e-07+1.6285435546745774e-07j),5.213798192371456e-07,6.23481714587339,0.013141334162962034,ACTRot11,11.0,1.9,9.0,perp
9,(1.9924331071304037e-07+2.372410016997854e-07j),3.0980831130137666e-07,6.23481714587339,0.007808692233679572,ACTRot11,11.0,1.9,9.0,perp
0,(1.2268603530757023e-19+0j),1.2268603530757023e-19,6.23481714587339,3.0922911237046093e-15,ACTRot11,11.0,1.9,9.0,perp
2,(-3.162762073580779e-06-2.934472516923668e-06j),4.314416865192945e-06,4.402502440637573,1.0,ACTRot11,11.0,2.0,0.5,perp
8,(-8.789592693964482e-07+5.6341586601774205e-09j),8.789773267847959e-07,4.402502440637573,0.2037302732325304,ACTRot11,11.0,2.0,0.5,perp
4,(-7.681743664866891e-07-6.94233054791463e-08j),7.71305032183038e-07,4.402502440637573,0.17877387750952628,ACTRot11,11.0,2.0,0.5,perp
6,(1.108835480986881e-07+2.8878493562655385e-07j),3.093410743561012e-07,4.402502440637573,0.07169939392082067,ACTRot11,11.0,2.0,0.5,perp
3,(2.9974374921802295e-07-1.2805345572906163e-08j),3.0001715296049084e-07,4.402502440637573,0.06953828578339608,ACTRot11,11.0,2.0,0.5,perp
5,(1.2614380895374532e-07-2.1432158155893957e-07j),2.486885619792036e-07,4.402502440637573,0.057641291917229234,ACTRot11,11.0,2.0,0.5,perp
9,(1.2390740830888848e-07-1.1268250035473115e-08j),1.2441872565127623e-07,4.402502440637573,0.028837900819236692,ACTRot11,11.0,2.0,0.5,perp
1,(-3.423928132251746e-08-1.069301184112014e-07j),1.1227813059058316e-07,4.402502440637573,0.026023941148663663,ACTRot11,11.0,2.0,0.5,perp
7,(-1.2759759453233128e-08+7.511046745945962e-08j),7.618657219801212e-08,4.402502440637573,0.017658602443508895,ACTRot11,11.0,2.0,0.5,perp
0,(-3.465288851074825e-19+0j),3.465288851074825e-19,4.402502440637573,8.031882313068637e-14,ACTRot11,11.0,2.0,0.5,perp
4,(-4.648211306416047e-05-1.7355644565401933e-05j),4.9616582240113674e-05,5.82141821342515,1.0,ACTRot11,11.0,2.0,3.0,perp
2,(-1.7390807554505406e-06+7.368390645057622e-06j),7.570837640060121e-06,5.82141821342515,0.15258684291114477,ACTRot11,11.0,2.0,3.0,perp
5,(-2.956528172763196e-07-1.4165466294551669e-06j),1.4470711598895955e-06,5.82141821342515,0.029165071324071923,ACTRot11,11.0,2.0,3.0,perp
3,(1.079854313127794e-06-5.373911849166001e-07j),1.2061818367090292e-06,5.82141821342515,0.02431005486979842,ACTRot11,11.0,2.0,3.0,perp
8,(-7.457642697695224e-07-3.2628180523407005e-07j),8.140172986439984e-07,5.82141821342515,0.016406154190642484,ACTRot11,11.0,2.0,3.0,perp
1,(5.474739942215671e-07+5.153110198487189e-07j),7.518465412080068e-07,5.82141821342515,0.015153130410505363,ACTRot11,11.0,2.0,3.0,perp
6,(3.2456293726561233e-07-1.5233972295877724e-07j),3.585365970687495e-07,5.82141821342515,0.007226144584761066,ACTRot11,11.0,2.0,3.0,perp
7,(-1.5662526876012303e-07+1.7231213485067969e-07j),2.3285821143129052e-07,5.82141821342515,0.0046931529927716565,ACTRot11,11.0,2.0,3.0,perp
9,(5.531277118024173e-08+5.0553972181589056e-08j),7.493468328467573e-08,5.82141821342515,0.0015102749907689743,ACTRot11,11.0,2.0,3.0,perp
0,(4.02940564078468e-21+0j),4.02940564078468e-21,5.82141821342515,8.121086658659479e-17,ACTRot11,11.0,2.0,3.0,perp
4,(-4.493977674891395e-05-1.7058002978432647e-05j),4.806827435902441e-05,6.068161295326452,1.0,ACTRot11,11.0,2.0,7.0,perp
6,(5.146635290995704e-06-1.0664604278502558e-05j),1.1841521829375543e-05,6.068161295326452,0.24634797040831147,ACTRot11,11.0,2.0,7.0,perp
2,(-5.099812823882699e-06-3.981117048682934e-06j),6.469728262759753e-06,6.068161295326452,0.1345945605294049,ACTRot11,11.0,2.0,7.0,perp
8,(4.528047368659404e-06-2.496921458166444e-06j),5.170863539204588e-06,6.068161295326452,0.10757331333725738,ACTRot11,11.0,2.0,7.0,perp
3,(1.2711653340934119e-06-1.025634400251964e-06j),1.6333362267399267e-06,6.068161295326452,0.033979506202790936,ACTRot11,11.0,2.0,7.0,perp
5,(-6.477687182563977e-07-6.444099251691742e-07j),9.137113679976172e-07,6.068161295326452,0.019008615977620914,ACTRot11,11.0,2.0,7.0,perp
1,(5.924347529843372e-07-1.2938796935845975e-07j),6.063993594639743e-07,6.068161295326452,0.012615376098895216,ACTRot11,11.0,2.0,7.0,perp
7,(3.443391399207539e-07+3.249079118011027e-08j),3.4586860914641276e-07,6.068161295326452,0.007195361467796875,ACTRot11,11.0,2.0,7.0,perp
9,(2.2299201392987932e-07-1.6699745428919357e-07j),2.7859215354272777e-07,6.068161295326452,0.005795759412162555,ACTRot11,11.0,2.0,7.0,perp
0,(4.7849191984318075e-20+0j),4.7849191984318075e-20,6.068161295326452,9.954422667002771e-16,ACTRot11,11.0,2.0,7.0,perp
4,(-2.8149622326039928e-05-1.090144774735943e-05j),3.0186798440495366e-05,5.66533255346949,1.0,ACTRot11,11.0,2.0,9.0,perp
6,(5.676100886749792e-06-7.983728390277846e-06j),9.79581748943345e-06,5.66533255346949,0.32450667164135016,ACTRot11,11.0,2.0,9.0,perp
2,(-5.851200260174835e-06-6.769070689745249e-06j),8.947450055040166e-06,5.66533255346949,0.2964027494561075,ACTRot11,11.0,2.0,9.0,perp
8,(3.0621908217030036e-06-3.857970930586414e-06j),4.925540815968529e-06,5.66533255346949,0.16316870520992224,ACTRot11,11.0,2.0,9.0,perp
3,(1.4581668141986478e-06-8.176158316798589e-07j),1.6717494149075633e-06,5.66533255346949,0.05538014964398887,ACTRot11,11.0,2.0,9.0,perp
1,(8.366392630073252e-07-5.945763814643701e-07j),1.0263948215967891e-06,5.66533255346949,0.03400144681192452,ACTRot11,11.0,2.0,9.0,perp
9,(1.28211079527016e-08-4.669172584398762e-07j),4.6709325304284264e-07,5.66533255346949,0.01547342802727435,ACTRot11,11.0,2.0,9.0,perp
5,(-4.55233538816151e-07+1.9562723125759034e-08j),4.556536787947302e-07,5.66533255346949,0.015094468520499815,ACTRot11,11.0,2.0,9.0,perp
7,(4.644114860012726e-08+1.4356058652117895e-07j),1.508854608158255e-07,5.66533255346949,0.004998392297654652,ACTRot11,11.0,2.0,9.0,perp
0,(-1.1786011499295189e-19+0j),1.1786011499295189e-19,5.66533255346949,3.9043595572176816e-15,ACTRot11,11.0,2.0,9.0,perp
2,(-4.4300368511714456e-07-8.199120027144278e-07j),9.319377432117202e-07,4.3132551450617695,1.0,ACTRot11,11.0,30.0,0.5,perp
6,(-2.5696074520032435e-07+6.824298446130936e-08j),2.658682559127594e-07,4.3132551450617695,0.28528542582308386,ACTRot11,11.0,30.0,0.5,perp
4,(1.3824307036153208e-07-1.7367851871895087e-07j),2.2198057204943066e-07,4.3132551450617695,0.23819249050309202,ACTRot11,11.0,30.0,0.5,perp
5,(-4.7827776731318484e-08-1.3067530302076383e-07j),1.3915290527556118e-07,4.3132551450617695,0.14931566651222972,ACTRot11,11.0,30.0,0.5,perp
3,(1.3311803470132462e-08+1.0339325002156154e-07j),1.0424667026648174e-07,4.3132551450617695,0.11186012265928659,ACTRot11,11.0,30.0,0.5,perp
1,(-3.703881925215698e-08-8.781703578923651e-08j),9.530847762083917e-08,4.3132551450617695,0.10226914653373657,ACTRot11,11.0,30.0,0.5,perp
8,(-4.74019264566286e-08-6.790249108646106e-08j),8.281117634441955e-08,4.3132551450617695,0.08885912921503629,ACTRot11,11.0,30.0,0.5,perp
9,(6.673363092723187e-08-4.124335727804434e-08j),7.844993318223038e-08,4.3132551450617695,0.08417937115828124,ACTRot11,11.0,30.0,0.5,perp
7,(-3.630516239735645e-08+5.691601830070179e-08j),6.750924348490542e-08,4.3132551450617695,0.07243964951161816,ACTRot11,11.0,30.0,0.5,perp
0,(-5.142822463735402e-20+0j),5.142822463735402e-20,4.3132551450617695,5.518418479341534e-14,ACTRot11,11.0,30.0,0.5,perp
2,(-8.563752620426273e-07-1.0485252777722176e-06j),1.3538034744991181e-06,4.027522183437403,1.0,ACTRot11,11.0,30.0,3.0,perp
4,(-2.1202597696162172e-07-4.284677441130111e-07j),4.780581791495915e-07,4.027522183437403,0.3531222870634632,ACTRot11,11.0,30.0,3.0,perp
6,(-2.994961819779754e-07-7.810094421713522e-08j),3.095120684351301e-07,4.027522183437403,0.2286240759942234,ACTRot11,11.0,30.0,3.0,perp
5,(1.0056925728422046e-07-1.1949112936663934e-07j),1.5618036210745148e-07,4.027522183437403,0.11536413153706469,ACTRot11,11.0,30.0,3.0,perp
9,(1.315426599901435e-07-7.37095246005129e-08j),1.5078648949463647e-07,4.027522183437403,0.11137989548329726,ACTRot11,11.0,30.0,3.0,perp
7,(1.3614225011444716e-07+6.33502077858556e-08j),1.5015978520474703e-07,4.027522183437403,0.11091697431217136,ACTRot11,11.0,30.0,3.0,perp
8,(-7.525148099630683e-08-8.630652601949707e-09j),7.574479227295477e-08,4.027522183437403,0.055949621713726895,ACTRot11,11.0,30.0,3.0,perp
3,(-4.929626779936214e-08-4.846556868215372e-08j),6.913055306180465e-08,4.027522183437403,0.051063950096140544,ACTRot11,11.0,30.0,3.0,perp
1,(-1.640512631115465e-08+6.429953244549032e-08j),6.635931013801757e-08,4.027522183437403,0.0490169447693058,ACTRot11,11.0,30.0,3.0,perp
0,(-2.3966574339153253e-19+0j),2.3966574339153253e-19,4.027522183437403,1.7703141401687152e-13,ACTRot11,11.0,30.0,3.0,perp
2,(-4.106679046690895e-06-2.2549137135539747e-06j),4.68502386846682e-06,6.256022037632976,1.0,ACTRot11,11.0,30.0,7.0,perp
4,(-4.16066293669896e-07-4.851591055749754e-07j),6.391326297807947e-07,6.256022037632976,0.1364203572328761,ACTRot11,11.0,30.0,7.0,perp
5,(-1.546793434036171e-07-2.0735507508599581e-07j),2.586925326322603e-07,6.256022037632976,0.055216908151402386,ACTRot11,11.0,30.0,7.0,perp
6,(-2.3189047103649982e-07-5.754657959401474e-08j),2.389242544835079e-07,6.256022037632976,0.05099744658541007,ACTRot11,11.0,30.0,7.0,perp
9,(-2.041803058565427e-08-1.203825682964174e-07j),1.2210183750721493e-07,6.256022037632976,0.026062159112792933,ACTRot11,11.0,30.0,7.0,perp
1,(9.945761321138308e-08-2.7022586032072982e-09j),9.949431655759886e-08,6.256022037632976,0.021236672288322513,ACTRot11,11.0,30.0,7.0,perp
7,(4.873226922132658e-08+8.181623940534128e-08j),9.522988550813223e-08,6.256022037632976,0.02032644617866084,ACTRot11,11.0,30.0,7.0,perp
3,(-9.208836911434002e-08+2.2207565225235067e-08j),9.472826230524871e-08,6.256022037632976,0.020219376670165965,ACTRot11,11.0,30.0,7.0,perp
8,(1.5598649038508646e-08-4.117995763863633e-08j),4.403528997232163e-08,6.256022037632976,0.00939916021958971,ACTRot11,11.0,30.0,7.0,perp
0,(3.537922878636909e-19+0j),3.537922878636909e-19,6.256022037632976,7.551557853204063e-14,ACTRot11,11.0,30.0,7.0,perp
2,(-8.221175247504755e-06-3.009357724562732e-06j),8.754653412018676e-06,5.126790893837064,1.0,ACTRot11,11.0,30.0,9.0,perp
4,(-8.855354019530632e-07-3.52071533418118e-07j),9.52957141090594e-07,5.126790893837064,0.10885149831086895,ACTRot11,11.0,30.0,9.0,perp
1,(1.6805147199000162e-07-3.8204393831501715e-07j),4.1737137903940536e-07,5.126790893837064,0.047674232136525725,ACTRot11,11.0,30.0,9.0,perp
6,(2.518993956249011e-07+2.1489896482530147e-07j),3.311115682050034e-07,5.126790893837064,0.03782120806181116,ACTRot11,11.0,30.0,9.0,perp
5,(-1.6593375474684278e-07-5.970708813635134e-08j),1.763489363112446e-07,5.126790893837064,0.020143451489369867,ACTRot11,11.0,30.0,9.0,perp
7,(-1.7462455797132436e-07+2.419813347081942e-08j),1.7629318168934386e-07,5.126790893837064,0.02013708291950459,ACTRot11,11.0,30.0,9.0,perp
9,(-9.984163056998295e-08+3.7723824114113176e-08j),1.0673068022206875e-07,5.126790893837064,0.01219130846179991,ACTRot11,11.0,30.0,9.0,perp
8,(-9.253727524413809e-08+3.211058191086852e-08j),9.795017498842954e-08,5.126790893837064,0.011188355538319806,ACTRot11,11.0,30.0,9.0,perp
3,(-3.558007929382696e-08+5.840143607086384e-08j),6.838618118958106e-08,5.126790893837064,0.007811409312411872,ACTRot11,11.0,30.0,9.0,perp
0,(7.132909029509897e-19+0j),7.132909029509897e-19,5.126790893837064,8.147563008853789e-14,ACTRot11,11.0,30.0,9.0,perp
2,(-3.21481130073124e-07+6.5537430704105e-08j),3.280933888641894e-07,4.438455503824748,1.0,ACTRot11,11.0,5.0,0.5,perp
3,(-6.836098941926828e-08-2.432796771350145e-07j),2.5270185235035027e-07,4.438455503824748,0.7702131799277229,ACTRot11,11.0,5.0,0.5,perp
6,(1.8890382316470204e-07-1.64070366027319e-07j),2.5020739280560724e-07,4.438455503824748,0.7626102850526433,ACTRot11,11.0,5.0,0.5,perp
4,(1.5294727331906883e-07-1.772524334104734e-07j),2.341181188325078e-07,4.438455503824748,0.7135715829050684,ACTRot11,11.0,5.0,0.5,perp
5,(-7.314370022565856e-09-1.7190919290560214e-07j),1.720647279784051e-07,4.438455503824748,0.524438266110962,ACTRot11,11.0,5.0,0.5,perp
7,(-8.168508231811322e-08-1.336575869316881e-07j),1.566422778745211e-07,4.438455503824748,0.47743198488940425,ACTRot11,11.0,5.0,0.5,perp
1,(-1.2561986265030307e-07+7.113801943200372e-08j),1.4436401110037483e-07,4.438455503824748,0.4400088999054251,ACTRot11,11.0,5.0,0.5,perp
8,(-9.063739730007989e-08+5.7481733264984956e-08j),1.073279434652477e-07,4.438455503824748,0.32712619975916335,ACTRot11,11.0,5.0,0.5,perp
9,(4.409105186567434e-08+5.626934418950179e-09j),4.444865853517687e-08,4.438455503824748,0.13547562993893758,ACTRot11,11.0,5.0,0.5,perp
0,(2.5385255536943486e-19+0j),2.5385255536943486e-19,4.438455503824748,7.737204222500023e-13,ACTRot11,11.0,5.0,0.5,perp
4,(-1.0083611217903574e-05-2.7098104675169267e-06j),1.0441373854225081e-05,3.4041242524092614,1.0,ACTRot11,11.0,5.0,3.0,perp
2,(-4.110033729641317e-06+8.022016567299745e-06j),9.013607882797037e-06,3.4041242524092614,0.8632588018242158,ACTRot11,11.0,5.0,3.0,perp
6,(2.1253526334272413e-07-1.2226344638084838e-06j),1.2409698909548205e-06,3.4041242524092614,0.11885120754034341,ACTRot11,11.0,5.0,3.0,perp
3,(9.849062085696103e-07+8.270808127648093e-08j),9.883728377426213e-07,3.4041242524092614,0.0946592710443634,ACTRot11,11.0,5.0,3.0,perp
1,(1.8821094636763075e-07+5.440002046920253e-07j),5.756384134485507e-07,3.4041242524092614,0.05513052415182124,ACTRot11,11.0,5.0,3.0,perp
8,(-9.160260773164032e-09+4.3874400710517603e-07j),4.3883962235438486e-07,3.4041242524092614,0.04202891578073409,ACTRot11,11.0,5.0,3.0,perp
7,(1.7119605092124377e-07+3.5330506825708835e-07j),3.925971970189993e-07,3.4041242524092614,0.03760014749975987,ACTRot11,11.0,5.0,3.0,perp
9,(-3.326226257083929e-08-2.391299141190924e-07j),2.414321725411424e-07,3.4041242524092614,0.02312264419527966,ACTRot11,11.0,5.0,3.0,perp
5,(2.6042504632448967e-08-2.0967334220004517e-07j),2.1128445867329754e-07,3.4041242524092614,0.020235312098110702,ACTRot11,11.0,5.0,3.0,perp
0,(9.267632973804765e-20+0j),9.267632973804765e-20,3.4041242524092614,8.875875055517369e-15,ACTRot11,11.0,5.0,3.0,perp
4,(-2.641027608978917e-05-2.0385405754138597e-05j),3.336266552450143e-05,4.28084696573704,1.0,ACTRot11,11.0,5.0,7.0,perp
2,(-7.632150973520431e-06+7.676097318903803e-06j),1.0824610779695084e-05,4.28084696573704,0.32445281603010784,ACTRot11,11.0,5.0,7.0,perp
6,(2.9271072672732394e-06-3.323895880290979e-06j),4.429022553243453e-06,4.28084696573704,0.13275385775128767,ACTRot11,11.0,5.0,7.0,perp
7,(1.1895512593839735e-06-1.603261227369258e-06j),1.9963663896909248e-06,4.28084696573704,0.059838336005401005,ACTRot11,11.0,5.0,7.0,perp
3,(1.8243185126090282e-06+3.5899303733648375e-07j),1.8593047185182127e-06,4.28084696573704,0.05573010097627677,ACTRot11,11.0,5.0,7.0,perp
1,(-5.281779266150973e-07-1.1469943336849518e-06j),1.262762021787482e-06,4.28084696573704,0.037849554342716224,ACTRot11,11.0,5.0,7.0,perp
9,(-1.244192455418794e-07+1.228296526531397e-06j),1.2345819153666174e-06,4.28084696573704,0.03700489442187839,ACTRot11,11.0,5.0,7.0,perp
8,(3.7839265355238987e-07-1.1674385082197665e-06j),1.2272300806029866e-06,4.28084696573704,0.03678453328921554,ACTRot11,11.0,5.0,7.0,perp
5,(-1.1392251975169705e-06-4.4138157078421034e-07j),1.2217412744462378e-06,4.28084696573704,0.03662001387595949,ACTRot11,11.0,5.0,7.0,perp
0,(1.440512516580523e-19+0j),1.440512516580523e-19,4.28084696573704,4.3177380881710885e-15,ACTRot11,11.0,5.0,7.0,perp
4,(-2.29585518867892e-05-1.9364240201584158e-05j),3.0034461928308952e-05,4.503790449693631,1.0,ACTRot11,11.0,5.0,9.0,perp
6,(3.412935229511999e-06-7.3930288895038375e-06j),8.142788407043528e-06,4.503790449693631,0.27111484222624116,ACTRot11,11.0,5.0,9.0,perp
2,(-7.877918380006108e-06+1.8610847839910243e-06j),8.094765875257974e-06,4.503790449693631,0.26951592788909795,ACTRot11,11.0,5.0,9.0,perp
8,(3.614966671136326e-06-9.604590140428371e-07j),3.740383075445962e-06,4.503790449693631,0.12453637705826412,ACTRot11,11.0,5.0,9.0,perp
3,(1.6202371674360854e-06+6.439143021049821e-07j),1.743500532605785e-06,4.503790449693631,0.05805000058823928,ACTRot11,11.0,5.0,9.0,perp
1,(-1.581420907203603e-07-7.470888920573515e-07j),7.636430668138668e-07,4.503790449693631,0.02542556176423776,ACTRot11,11.0,5.0,9.0,perp
9,(3.4264590685697747e-07-5.539809157288468e-07j),6.513839670099443e-07,4.503790449693631,0.02168788535532188,ACTRot11,11.0,5.0,9.0,perp
5,(6.927593646706393e-09-5.832377926896019e-07j),5.832789335945306e-07,4.503790449693631,0.019420322394547766,ACTRot11,11.0,5.0,9.0,perp
7,(-5.3395224092202e-08+1.8078102939117182e-08j),5.637257987473863e-08,4.503790449693631,0.00187692990835986,ACTRot11,11.0,5.0,9.0,perp
0,(8.260281563608594e-20+0j),8.260281563608594e-20,4.503790449693631,2.7502678700639127e-15,ACTRot11,11.0,5.0,9.0,perp
2,(1.9068383773585123e-06-1.3367648316205936e-06j),2.328727723978241e-06,3.2695289667059266,1.0,ACTRot12,12.0,10.0,0.5,para
5,(-9.343970937715157e-08-3.6407873763570414e-07j),3.758780473596383e-07,3.2695289667059266,0.16140918643658075,ACTRot12,12.0,10.0,0.5,para
1,(-1.6369143945953751e-07-2.105709018935698e-08j),1.6504026296506603e-07,3.2695289667059266,0.07087142960754657,ACTRot12,12.0,10.0,0.5,para
3,(1.4655515197248096e-07+2.690919257651965e-08j),1.4900509123784062e-07,3.2695289667059266,0.06398562172107025,ACTRot12,12.0,10.0,0.5,para
6,(-8.390631166407577e-09-1.4648339083578148e-07j),1.4672350350955706e-07,3.2695289667059266,0.06300586453228828,ACTRot12,12.0,10.0,0.5,para
4,(-3.152140565215168e-08+9.385957504376708e-08j),9.901120563695831e-08,3.2695289667059266,0.04251729586824099,ACTRot12,12.0,10.0,0.5,para
9,(1.8926656437456794e-08-6.513091210408702e-08j),6.782517257930004e-08,3.2695289667059266,0.029125419807959387,ACTRot12,12.0,10.0,0.5,para
8,(-5.671462501510141e-08-2.8230502569847278e-08j),6.335226883032462e-08,3.2695289667059266,0.02720466981949177,ACTRot12,12.0,10.0,0.5,para
7,(-2.668584967149046e-09-6.017501544071877e-08j),6.023415832414061e-08,3.2695289667059266,0.02586569383098194,ACTRot12,12.0,10.0,0.5,para
0,(-7.085666505590998e-19+0j),7.085666505590998e-19,3.2695289667059266,3.042720036624258e-13,ACTRot12,12.0,10.0,0.5,para
2,(5.371737043810632e-06+1.2804079189626071e-05j),1.388524406562819e-05,3.5531257210202694,1.0,ACTRot12,12.0,10.0,3.0,para
4,(-2.517588169339301e-06-1.0988141754505815e-06j),2.7469333414861665e-06,3.5531257210202694,0.1978311168678684,ACTRot12,12.0,10.0,3.0,para
1,(2.579815464776203e-07+9.680080862691926e-07j),1.001795454873663e-06,3.5531257210202694,0.07214820640809097,ACTRot12,12.0,10.0,3.0,para
6,(-1.752830356714301e-07+3.913320105325375e-07j),4.28794688705014e-07,3.5531257210202694,0.030881321687852854,ACTRot12,12.0,10.0,3.0,para
3,(1.7733303800259856e-07+3.302659784215193e-07j),3.74863472306858e-07,3.5531257210202694,0.026997254822103023,ACTRot12,12.0,10.0,3.0,para
5,(-3.592537065040234e-08+3.373891655457189e-07j),3.392964504441585e-07,3.5531257210202694,0.024435757041106662,ACTRot12,12.0,10.0,3.0,para
8,(2.485872670647056e-07+5.3364174880029086e-08j),2.5425059391735073e-07,3.5531257210202694,0.018310848027995975,ACTRot12,12.0,10.0,3.0,para
7,(6.693447396175562e-08+1.5207285858243455e-07j),1.661516720408497e-07,3.5531257210202694,0.011966060607616172,ACTRot12,12.0,10.0,3.0,para
9,(-6.7429339124758e-08+1.454777927669895e-08j),6.898082093368541e-08,3.5531257210202694,0.00496792282567376,ACTRot12,12.0,10.0,3.0,para
0,(1.8971300644001704e-18+0j),1.8971300644001704e-18,3.5531257210202694,1.3662921987063692e-13,ACTRot12,12.0,10.0,3.0,para
2,(2.0769843254040658e-05-3.63968225128892e-05j),4.190602674833509e-05,5.001693559216767,1.0,ACTRot12,12.0,10.0,7.0,para
1,(2.251689390652741e-06-7.5647474070071205e-06j),7.89275037257603e-06,5.001693559216767,0.18834403986747816,ACTRot12,12.0,10.0,7.0,para
4,(2.4294726845415537e-06+7.097910008210373e-06j),7.502177284601218e-06,5.001693559216767,0.17902382704175782,ACTRot12,12.0,10.0,7.0,para
3,(5.0932283431886484e-06-6.923486878556256e-07j),5.1400702000493715e-06,5.001693559216767,0.12265706388529389,ACTRot12,12.0,10.0,7.0,para
6,(-2.4667575139762336e-06-3.707082719267389e-06j),4.452791811914084e-06,5.001693559216767,0.10625659737810843,ACTRot12,12.0,10.0,7.0,para
8,(-2.867131253903347e-06-2.5666693254071975e-06j),3.848146703686804e-06,5.001693559216767,0.0918280018956865,ACTRot12,12.0,10.0,7.0,para
7,(1.324190062049939e-06-3.0423715450031576e-06j),3.3180572536164476e-06,5.001693559216767,0.07917852182796768,ACTRot12,12.0,10.0,7.0,para
5,(1.265495849871269e-06-2.590078415577315e-06j),2.882704623245486e-06,5.001693559216767,0.06878973853945757,ACTRot12,12.0,10.0,7.0,para
9,(-2.7585678168323674e-07-1.0708807615652695e-06j),1.1058402097460756e-06,5.001693559216767,0.02638857213515262,ACTRot12,12.0,10.0,7.0,para
0,(2.0571289854941607e-19+0j),2.0571289854941607e-19,5.001693559216767,4.90890963690775e-15,ACTRot12,12.0,10.0,7.0,para
2,(3.126804805420771e-05+3.125333321246841e-05j),4.4209293887256595e-05,5.722271978554993,1.0,ACTRot12,12.0,10.0,9.0,para
4,(1.3759573618856367e-05-8.644074992234013e-06j),1.6249489181020232e-05,5.722271978554993,0.3675582157557186,ACTRot12,12.0,10.0,9.0,para
6,(-9.853930892000864e-06+3.1741663080473354e-06j),1.0352549723400115e-05,5.722271978554993,0.23417134301672832,ACTRot12,12.0,10.0,9.0,para
3,(4.214193615417603e-06+7.628285929300827e-07j),4.2826785182194305e-06,5.722271978554993,0.0968728098019661,ACTRot12,12.0,10.0,9.0,para
7,(3.9255385558298e-06+7.34161289292352e-07j),3.993600599960106e-06,5.722271978554993,0.09033396032392339,ACTRot12,12.0,10.0,9.0,para
9,(-3.2370656715305446e-06+1.0149561445923286e-06j),3.3924519358787123e-06,5.722271978554993,0.07673617100807377,ACTRot12,12.0,10.0,9.0,para
5,(-2.790902872647568e-06-1.4769991738068578e-06j),3.1576360467885764e-06,5.722271978554993,0.07142471116687006,ACTRot12,12.0,10.0,9.0,para
1,(-4.727994590958745e-07+3.1053110528043162e-06j),3.1410979072913345e-06,5.722271978554993,0.07105062377385678,ACTRot12,12.0,10.0,9.0,para
8,(-1.6958982938952382e-06-1.009560911328756e-06j),1.9736474500071507e-06,5.722271978554993,0.044643270146779206,ACTRot12,12.0,10.0,9.0,para
0,(6.828525382404228e-19+0j),6.828525382404228e-19,5.722271978554993,1.544590465484128e-14,ACTRot12,12.0,10.0,9.0,para
2,(1.8606726971077695e-06-8.572542076453799e-07j),2.048655086218275e-06,5.851450220087406,1.0,ACTRot12,12.0,15.0,0.5,para
3,(-4.547824474208861e-08+3.4743306478167735e-07j),3.503969252838993e-07,5.851450220087406,0.17103753952585363,ACTRot12,12.0,15.0,0.5,para
1,(-1.6597173140672614e-07+2.0507116612228e-07j),2.638196330846099e-07,5.851450220087406,0.12877698879590757,ACTRot12,12.0,15.0,0.5,para
4,(2.365807546806014e-07-7.504153344308486e-08j),2.4819686788259947e-07,5.851450220087406,0.12115112473166954,ACTRot12,12.0,15.0,0.5,para
8,(1.9406991269753273e-07+8.238314246293035e-08j),2.1083195482776198e-07,5.851450220087406,0.10291237224170724,ACTRot12,12.0,15.0,0.5,para
6,(6.770712483383953e-08+9.040323360097564e-08j),1.1294688751257247e-07,5.851450220087406,0.05513221248046558,ACTRot12,12.0,15.0,0.5,para
7,(1.0665799418494995e-07+1.7666807577001192e-09j),1.06672624812819e-07,5.851450220087406,0.05206958727724727,ACTRot12,12.0,15.0,0.5,para
9,(-7.914091583008156e-08-6.089853445248229e-08j),9.985948155725737e-08,5.851450220087406,0.048743920940636946,ACTRot12,12.0,15.0,0.5,para
5,(4.6618414950429876e-08+6.530960051204472e-08j),8.024101526983153e-08,5.851450220087406,0.03916765482370818,ACTRot12,12.0,15.0,0.5,para
0,(-1.2571343800242093e-19+0j),1.2571343800242093e-19,5.851450220087406,6.136388640924532e-14,ACTRot12,12.0,15.0,0.5,para
2,(4.783835807671792e-06+9.642857976950533e-06j),1.0764283301660235e-05,3.697792425472024,1.0,ACTRot12,12.0,15.0,3.0,para
4,(-7.086871834415739e-07-7.813719265522466e-07j),1.054883695759073e-06,3.697792425472024,0.09799850730390683,ACTRot12,12.0,15.0,3.0,para
1,(-2.1357966537048974e-07+5.135437624982833e-07j),5.561865419629133e-07,3.697792425472024,0.05166963060858214,ACTRot12,12.0,15.0,3.0,para
9,(-2.6963809947988403e-08+2.3282867160075007e-07j),2.3438480617625618e-07,3.697792425472024,0.021774306714884187,ACTRot12,12.0,15.0,3.0,para
6,(3.781562781971983e-08+1.381558838517386e-07j),1.4323780908075442e-07,3.697792425472024,0.013306766931585874,ACTRot12,12.0,15.0,3.0,para
8,(7.480845937651057e-08-1.0605087271587076e-07j),1.2978094312373004e-07,3.697792425472024,0.012056626482853086,ACTRot12,12.0,15.0,3.0,para
5,(-8.217071236355139e-08-9.773871526690872e-08j),1.2769057299722384e-07,3.697792425472024,0.011862431470707336,ACTRot12,12.0,15.0,3.0,para
7,(-6.782122373873901e-08-9.965736691253752e-08j),1.2054587993523553e-07,3.697792425472024,0.011198690758784012,ACTRot12,12.0,15.0,3.0,para
3,(-7.204721155956675e-08-4.478945494625355e-08j),8.483452108600276e-08,3.697792425472024,0.007881111887209273,ACTRot12,12.0,15.0,3.0,para
0,(-7.430478142480671e-20+0j),7.430478142480671e-20,3.697792425472024,6.902900949601194e-15,ACTRot12,12.0,15.0,3.0,para
2,(7.691168503717513e-06-2.3731826951335e-05j),2.494701752516093e-05,5.025794571926574,1.0,ACTRot12,12.0,15.0,7.0,para
4,(-2.505576159685671e-07+3.611293327337822e-06j),3.6199749467357544e-06,5.025794571926574,0.14510652197541207,ACTRot12,12.0,15.0,7.0,para
6,(-1.020934974958153e-06-8.804668150884144e-07j),1.3481580157996098e-06,5.025794571926574,0.054040849349622326,ACTRot12,12.0,15.0,7.0,para
1,(1.5257100010346939e-07+5.875315401345844e-07j),6.070183034517901e-07,5.025794571926574,0.02433229955603177,ACTRot12,12.0,15.0,7.0,para
3,(-1.525292670840746e-08-3.4020621412026865e-07j),3.40547970041253e-07,5.025794571926574,0.013650849032265478,ACTRot12,12.0,15.0,7.0,para
8,(-2.566730020719994e-07-1.0511455699777889e-07j),2.7736275900973425e-07,5.025794571926574,0.011118072881056552,ACTRot12,12.0,15.0,7.0,para
7,(-1.6226584747392934e-07-2.0129699069832225e-07j),2.585549916761093e-07,5.025794571926574,0.010364164430290607,ACTRot12,12.0,15.0,7.0,para
9,(-1.0792959535698691e-07+1.8999047104665874e-07j),2.1850669701968907e-07,5.025794571926574,0.008758830461369129,ACTRot12,12.0,15.0,7.0,para
5,(9.775014631855697e-08-2.2175135100411575e-08j),1.0023386514557244e-07,5.025794571926574,0.004017869672977105,ACTRot12,12.0,15.0,7.0,para
0,(-1.3371338405712045e-18+0j),1.3371338405712045e-18,5.025794571926574,5.359894581476945e-14,ACTRot12,12.0,15.0,7.0,para
2,(1.3188543705429855e-05+3.0404090159365636e-05j),3.3141309320678134e-05,5.548822706773277,1.0,ACTRot12,12.0,15.0,9.0,para
4,(5.848791912597246e-06-5.28031788802467e-06j),7.879728665090965e-06,5.548822706773277,0.23776153768838879,ACTRot12,12.0,15.0,9.0,para
6,(-2.077024453856679e-06+1.3490566151321225e-06j),2.4766881783442935e-06,5.548822706773277,0.07473115061265828,ACTRot12,12.0,15.0,9.0,para
1,(-9.838156232668777e-08+1.5206726542585566e-06j),1.523851781905184e-06,5.548822706773277,0.045980433879671566,ACTRot12,12.0,15.0,9.0,para
3,(-6.161891056397463e-09+3.4973431645960684e-07j),3.497885947409654e-07,5.548822706773277,0.010554459130035604,ACTRot12,12.0,15.0,9.0,para
9,(1.4016658024119197e-07+2.705496179432369e-07j),3.047027502103353e-07,5.548822706773277,0.009194046839308778,ACTRot12,12.0,15.0,9.0,para
7,(4.139289099365639e-08+1.9655653316407015e-07j),2.0086772302759577e-07,5.548822706773277,0.006060947112378167,ACTRot12,12.0,15.0,9.0,para
5,(1.6635949047562538e-07+2.2284441026775053e-08j),1.6784539428648468e-07,5.548822706773277,0.005064537211321325,ACTRot12,12.0,15.0,9.0,para
8,(5.6630492794959515e-08-1.0816796916285861e-07j),1.220955456477307e-07,5.548822706773277,0.0036840893781933536,ACTRot12,12.0,15.0,9.0,para
0,(6.228529428301764e-19+0j),6.228529428301764e-19,5.548822706773277,1.879385442510428e-14,ACTRot12,12.0,15.0,9.0,para
2,(3.062996522299913e-06-2.2568482851256514e-05j),2.27753894786254e-05,3.3319775283937965,1.0,ACTRot12,12.0,2.0,0.5,para
6,(-1.9709042549321996e-06-1.3970888933290452e-06j),2.415847875585966e-06,3.3319775283937965,0.10607273600538107,ACTRot12,12.0,2.0,0.5,para
4,(-1.0237633519185807e-07-2.0609538943917257e-06j),2.0634950614953593e-06,3.3319775283937965,0.09060196592606858,ACTRot12,12.0,2.0,0.5,para
8,(1.0023443804667502e-07+7.95911570381582e-07j),8.021983360976316e-07,3.3319775283937965,0.03522215665512509,ACTRot12,12.0,2.0,0.5,para
3,(3.5241526422673267e-07-4.961054031380789e-07j),6.085368431597166e-07,3.3319775283937965,0.026719053201299837,ACTRot12,12.0,2.0,0.5,para
7,(-2.194764574559493e-07-5.012575817381228e-07j),5.47201131785529e-07,3.3319775283937965,0.02402598349850723,ACTRot12,12.0,2.0,0.5,para
1,(-3.6413547528463073e-07-7.017581637971594e-08j),3.7083593348720067e-07,3.3319775283937965,0.01628230919322932,ACTRot12,12.0,2.0,0.5,para
9,(2.322509782596172e-07+2.0693391448581645e-08j),2.3317103883671621e-07,3.3319775283937965,0.01023785077552883,ACTRot12,12.0,2.0,0.5,para
5,(4.0660621153927695e-08-1.8121273637278483e-07j),1.8571844802371044e-07,3.3319775283937965,0.00815434784103281,ACTRot12,12.0,2.0,0.5,para
0,(1.3428480877531326e-18+0j),1.3428480877531326e-18,3.3319775283937965,5.896048842604379e-14,ACTRot12,12.0,2.0,0.5,para
4,(-0.00011063650248498475+4.561567657721758e-05j),0.00011967132334735566,5.648912231050632,1.0,ACTRot12,12.0,2.0,3.0,para
2,(3.4617262432173605e-05-2.5467224241352028e-05j),4.297597432120982e-05,5.648912231050632,0.3591167300495925,ACTRot12,12.0,2.0,3.0,para
6,(-6.751136632620796e-06+2.4679033738341178e-06j),7.188072961155604e-06,5.648912231050632,0.06006512471071823,ACTRot12,12.0,2.0,3.0,para
8,(-3.770617138999855e-06+4.016750988077194e-06j),5.5092505941496776e-06,5.648912231050632,0.04603651434653759,ACTRot12,12.0,2.0,3.0,para
3,(5.237191064235392e-06-2.7949844516735524e-07j),5.244643898698748e-06,5.648912231050632,0.04382540237710706,ACTRot12,12.0,2.0,3.0,para
5,(-1.4377650019135799e-06+1.6995865279950388e-06j),2.2261542100379717e-06,5.648912231050632,0.018602236089396117,ACTRot12,12.0,2.0,3.0,para
1,(1.4706939391352414e-06+1.065910518017833e-06j),1.816344101493486e-06,5.648912231050632,0.015177772340842265,ACTRot12,12.0,2.0,3.0,para
9,(-1.0801721091682176e-06+3.9418736177542655e-07j),1.1498501909415793e-06,5.648912231050632,0.009608402069759407,ACTRot12,12.0,2.0,3.0,para
7,(-7.658297869252104e-07+1.90624211694426e-07j),7.891976004943466e-07,5.648912231050632,0.006594709395864513,ACTRot12,12.0,2.0,3.0,para
0,(-5.685675946018583e-19+0j),5.685675946018583e-19,5.648912231050632,4.751076353952777e-15,ACTRot12,12.0,2.0,3.0,para
4,(-0.00012300363964888136-6.258442916286099e-05j),0.00013800980450864,4.875474804170441,1.0,ACTRot12,12.0,2.0,7.0,para
6,(7.72604495973205e-06-4.658496961257671e-05j),4.7221299902951594e-05,4.875474804170441,0.3421590232018287,ACTRot12,12.0,2.0,7.0,para
2,(3.332484370962664e-06-2.0252448034089814e-05j),2.0524792409576732e-05,4.875474804170441,0.14871981365854187,ACTRot12,12.0,2.0,7.0,para
8,(8.142797751529963e-06-1.5802968948945244e-05j),1.7777485278397757e-05,4.875474804170441,0.12881320527691068,ACTRot12,12.0,2.0,7.0,para
3,(4.83016711867104e-06+2.5856567838788043e-07j),4.837082861015623e-06,4.875474804170441,0.03504883495949595,ACTRot12,12.0,2.0,7.0,para
9,(-2.8681533351580197e-07-3.0578230860365675e-06j),3.0712448715525723e-06,4.875474804170441,0.022253816549390876,ACTRot12,12.0,2.0,7.0,para
1,(2.6568248209302967e-06+1.4642187251030093e-06j),3.0335877445779586e-06,4.875474804170441,0.021980958203502442,ACTRot12,12.0,2.0,7.0,para
5,(-2.445381471135554e-06+2.446022333974058e-07j),2.4575843407614893e-06,4.875474804170441,0.017807317020057327,ACTRot12,12.0,2.0,7.0,para
7,(-4.7213923938794335e-07-1.6059720622993493e-06j),1.673935998255564e-06,4.875474804170441,0.012129109263036226,ACTRot12,12.0,2.0,7.0,para
0,(5.478534485673685e-19+0j),5.478534485673685e-19,4.875474804170441,3.9696704920197935e-15,ACTRot12,12.0,2.0,7.0,para
4,(-8.634657698606768e-05+3.9839544862235614e-05j),9.509427265635399e-05,3.387817432818726,1.0,ACTRot12,12.0,2.0,9.0,para
6,(9.084897803545661e-06+4.0254992057778846e-05j),4.126741757940162e-05,3.387817432818726,0.433963228558794,ACTRot12,12.0,2.0,9.0,para
2,(-5.8297554152963915e-06+3.555044508778327e-05j),3.6025271603995874e-05,3.387817432818726,0.3788374483306881,ACTRot12,12.0,2.0,9.0,para
8,(2.696180524971233e-06+1.773717948227995e-05j),1.7940928777793163e-05,3.387817432818726,0.18866466167344295,ACTRot12,12.0,2.0,9.0,para
3,(3.3718301897007666e-06+6.835196242823399e-07j),3.440412461458158e-06,3.387817432818726,0.03617896604447373,ACTRot12,12.0,2.0,9.0,para
9,(-6.760989119345795e-08+2.5632749191338196e-06j),2.5641664159035544e-06,3.387817432818726,0.026964467409827993,ACTRot12,12.0,2.0,9.0,para
1,(1.3714785786078812e-06+7.545380813524121e-07j),1.5653374102062701e-06,3.387817432818726,0.01646090102463892,ACTRot12,12.0,2.0,9.0,para
7,(8.961039445551049e-07+8.306783406290224e-07j),1.2218955704303886e-06,3.387817432818726,0.01284930770590151,ACTRot12,12.0,2.0,9.0,para
5,(-8.494124496507321e-07-2.1347808414530097e-07j),8.758278381234554e-07,3.387817432818726,0.009210100815308507,ACTRot12,12.0,2.0,9.0,para
0,(3.235692466766857e-19+0j),3.235692466766857e-19,3.387817432818726,3.4026155060460995e-15,ACTRot12,12.0,2.0,9.0,para
2,(1.6597856658757291e-06-1.4358345779334857e-07j),1.6659845935657485e-06,6.196892907237341,1.0,ACTRot12,12.0,5.0,0.5,para
8,(-2.811371931873127e-07+5.024779061723019e-08j),2.8559230006278773e-07,6.196892907237341,0.17142553488536613,ACTRot12,12.0,5.0,0.5,para
3,(7.068221477888737e-09-1.9093661885202184e-07j),1.910674021739521e-07,6.196892907237341,0.11468737640904934,ACTRot12,12.0,5.0,0.5,para
6,(-5.0817311198808963e-08-1.6014740098218204e-07j),1.6801663357782288e-07,6.196892907237341,0.10085125290277305,ACTRot12,12.0,5.0,0.5,para
4,(1.2881771924111489e-07-9.650270725703164e-08j),1.6095582405871198e-07,6.196892907237341,0.09661303272571939,ACTRot12,12.0,5.0,0.5,para
9,(-1.4327645803370213e-07+7.284557378638344e-08j),1.6073151852375018e-07,6.196892907237341,0.09647839430479516,ACTRot12,12.0,5.0,0.5,para
1,(1.2059722049017737e-07+2.108678913899054e-08j),1.2242688538939764e-07,6.196892907237341,0.07348620501187487,ACTRot12,12.0,5.0,0.5,para
5,(-8.6237044091301e-08-4.113184085795859e-08j),9.554400088948244e-08,6.196892907237341,0.05734987061614251,ACTRot12,12.0,5.0,0.5,para
7,(-5.433916510983142e-08+4.1401080562649095e-09j),5.449665457210259e-08,6.196892907237341,0.032711379674563515,ACTRot12,12.0,5.0,0.5,para
0,(-1.7142741545784673e-20+0j),1.7142741545784673e-20,6.196892907237341,1.0289855987859789e-14,ACTRot12,12.0,5.0,0.5,para
2,(1.4427972502325501e-05-2.2673939204660477e-05j),2.6875154131362674e-05,5.279090011123243,1.0,ACTRot12,12.0,5.0,3.0,para
4,(-2.266060100948896e-05+8.84668404447637e-06j),2.432625447318277e-05,5.279090011123243,0.9051577659528509,ACTRot12,12.0,5.0,3.0,para
6,(-8.463779639858979e-07+1.6033195655587316e-06j),1.813005594923621e-06,5.279090011123243,0.06746028640661399,ACTRot12,12.0,5.0,3.0,para
8,(-1.357480067364637e-06-8.48278689956499e-07j),1.6007276061612149e-06,5.279090011123243,0.059561615845514476,ACTRot12,12.0,5.0,3.0,para
3,(1.3753963808574906e-06-2.6951431340596517e-07j),1.4015538411372473e-06,5.279090011123243,0.05215054151081749,ACTRot12,12.0,5.0,3.0,para
1,(1.9554223768516654e-07+1.0955159703837358e-06j),1.1128306286604177e-06,5.279090011123243,0.0414074138224856,ACTRot12,12.0,5.0,3.0,para
5,(-7.80384978508627e-07+7.129884005138389e-07j),1.0570492769730238e-06,5.279090011123243,0.03933184054708256,ACTRot12,12.0,5.0,3.0,para
9,(-8.703100464490873e-08+9.963361966806705e-07j),1.0001300978300802e-06,5.279090011123243,0.03721392974870242,ACTRot12,12.0,5.0,3.0,para
7,(5.08465197727314e-07+2.841911333519436e-07j),5.824958863165805e-07,5.279090011123243,0.02167414123355004,ACTRot12,12.0,5.0,3.0,para
0,(2.942837298693035e-19+0j),2.942837298693035e-19,5.279090011123243,1.0950029474468439e-14,ACTRot12,12.0,5.0,3.0,para
4,(-6.551214793928108e-05-5.3338618023389494e-05j),8.447987748726498e-05,3.8249197552038066,1.0,ACTRot12,12.0,5.0,7.0,para
2,(1.769141333165013e-05+1.6855785033031555e-05j),2.4435703279239958e-05,3.8249197552038066,0.28924880108785134,ACTRot12,12.0,5.0,7.0,para
6,(2.8600883797933216e-06-2.037001755354361e-05j),2.0569825489583125e-05,3.8249197552038066,0.24348787073802217,ACTRot12,12.0,5.0,7.0,para
8,(2.5824619256556913e-06-1.783123420765048e-06j),3.1382540896399943e-06,3.8249197552038066,0.03714794792538701,ACTRot12,12.0,5.0,7.0,para
3,(2.942482274675088e-06+9.526678744262963e-07j),3.0928591975292048e-06,3.8249197552038066,0.03661060230580284,ACTRot12,12.0,5.0,7.0,para
9,(-1.05830983701477e-06-8.82843500638399e-07j),1.37819895433921e-06,3.8249197552038066,0.01631393173536465,ACTRot12,12.0,5.0,7.0,para
5,(-1.0415983642830254e-06-7.391735250416014e-07j),1.2772253726729285e-06,3.8249197552038066,0.015118693476626612,ACTRot12,12.0,5.0,7.0,para
1,(1.1022290595007596e-06+5.044803462881649e-07j),1.2121919482486904e-06,3.8249197552038066,0.014348883832501103,ACTRot12,12.0,5.0,7.0,para
7,(-3.836498300367901e-07-8.22581203970995e-07j),9.076491773882847e-07,3.8249197552038066,0.010743968911710476,ACTRot12,12.0,5.0,7.0,para
0,(-2.771409883235189e-19+0j),2.771409883235189e-19,3.8249197552038066,3.280556229088955e-15,ACTRot12,12.0,5.0,7.0,para
4,(-6.540400107968671e-05+5.465368368887179e-05j),8.523325934161448e-05,6.000210694690809,1.0,ACTRot12,12.0,5.0,9.0,para
6,(4.017314941355522e-06+3.227631782768877e-05j),3.2525367205490825e-05,6.000210694690809,0.38160417021164605,ACTRot12,12.0,5.0,9.0,para
2,(4.767655077017166e-06+4.9991775010435374e-06j),6.9081336568097365e-06,6.000210694690809,0.08104974173429143,ACTRot12,12.0,5.0,9.0,para
8,(4.524503501573126e-06+4.795854226103381e-06j),6.593280647278799e-06,6.000210694690809,0.07735572590100025,ACTRot12,12.0,5.0,9.0,para
3,(2.6316028603925e-06-7.652113431254231e-07j),2.740598842310527e-06,6.000210694690809,0.03215410115112717,ACTRot12,12.0,5.0,9.0,para
9,(-8.636497810729648e-07+1.1020742355266917e-06j),1.4001637636216422e-06,6.000210694690809,0.016427434248522547,ACTRot12,12.0,5.0,9.0,para
7,(-6.138757509996688e-07+1.2237148430539683e-06j),1.3690586016588208e-06,6.000210694690809,0.01606249264939688,ACTRot12,12.0,5.0,9.0,para
5,(-9.818723926201235e-07+2.152443478343875e-07j),1.0051883030876437e-06,6.000210694690809,0.01179338102112057,ACTRot12,12.0,5.0,9.0,para
1,(8.769403927732344e-07+3.8094239618352115e-07j),9.561075052980796e-07,6.000210694690809,0.01121754010914924,ACTRot12,12.0,5.0,9.0,para
0,(3.699975050298525e-19+0j),3.699975050298525e-19,6.000210694690809,4.340999134468205e-15,ACTRot12,12.0,5.0,9.0,para
